fornavn	år	antall
Aagot	1950	0
Aase	1950	73
Aashild	1950	14
Aasta	1950	0
Abigail	1950	0
Ada	1950	13
Adele	1950	0
Adelen	1950	0
Adelina	1950	0
Adriana	1950	0
Agata	1950	0
Agathe	1950	0
Agne	1950	0
Agnes	1950	42
Agnete	1950	0
Agnethe	1950	4
Agnieszka	1950	0
Aida	1950	0
Aileen	1950	0
Ailin	1950	0
Aina	1950	24
Aisha	1950	0
Alba	1950	0
Aleksandra	1950	0
Alette	1950	0
Alexandra	1950	0
Alfhild	1950	20
Alice	1950	11
Alicia	1950	0
Alicja	1950	0
Alida	1950	0
Alina	1950	0
Aline	1950	0
Alisa	1950	0
Alise	1950	12
Alma	1950	7
Alva	1950	0
Alvhild	1950	12
Alvilde	1950	0
Amal	1950	0
Amalia	1950	0
Amalie	1950	0
Amanda	1950	0
Amelia	1950	0
Amelie	1950	0
Amina	1950	5
Amira	1950	0
Amna	1950	0
Amy	1950	0
Ana	1950	0
Anastasia	1950	0
Anbjørg	1950	8
Andrea	1950	0
Andrine	1950	0
Ane	1950	4
Aneta	1950	0
Anett	1950	0
Anette	1950	0
Angela	1950	4
Angelica	1950	0
Angelika	1950	4
Angelina	1950	0
Anine	1950	0
Anisa	1950	0
Anita	1950	50
Anja	1950	0
Anlaug	1950	11
Ann	1950	124
Ann-Christin	1950	0
Ann-Helen	1950	0
Ann-Karin	1950	17
Ann-Kristin	1950	0
Ann-Mari	1950	21
Anna	1950	121
Annabelle	1950	0
Annbjørg	1950	27
Anne	1950	1491
Anne-Berit	1950	7
Anne-Britt	1950	18
Anne-Grete	1950	11
Anne-Grethe	1950	28
Anne-Kari	1950	8
Anne-Karin	1950	21
Anne-Kristin	1950	0
Anne-Lene	1950	0
Anne-Lise	1950	94
Anne-Mari	1950	9
Anne-Marie	1950	39
Anne-Marit	1950	0
Anne-Mette	1950	5
Anne-Sofie	1950	6
Anneli	1950	0
Annelise	1950	9
Annette	1950	0
Anni	1950	12
Annie	1950	28
Annika	1950	0
Anniken	1950	0
Annlaug	1950	25
Anny	1950	57
Antonia	1950	0
Aria	1950	0
Ariana	1950	0
Ariel	1950	0
Arna	1950	13
Arnhild	1950	50
Arya	1950	0
Asbjørg	1950	30
Asha	1950	0
Aslaug	1950	70
Asma	1950	0
Asta	1950	7
Astri	1950	39
Astrid	1950	384
Aud	1950	415
Audhild	1950	41
Audny	1950	7
Aurora	1950	0
Ausra	1950	0
Ava	1950	0
Aya	1950	0
Ayan	1950	0
Ayla	1950	0
Aylin	1950	0
Ayse	1950	4
Azra	1950	0
Barbara	1950	14
Barbro	1950	20
Beata	1950	0
Beate	1950	16
Beathe	1950	5
Beatrice	1950	0
Belinda	1950	0
Bella	1950	0
Benedicte	1950	0
Benedikte	1950	0
Bente	1950	259
Benthe	1950	7
Bergljot	1950	7
Berit	1950	618
Bertha	1950	5
Bertine	1950	0
Betina	1950	0
Bettina	1950	0
Betty	1950	9
Bianca	1950	0
Birgit	1950	105
Birgitta	1950	5
Birgitte	1950	6
Birte	1950	4
Birthe	1950	4
Bjørg	1950	548
Bodil	1950	205
Borghild	1950	41
Borgny	1950	30
Bozena	1950	0
Brit	1950	258
Brita	1950	44
Brith	1950	32
Britt	1950	213
Brynhild	1950	12
Bushra	1950	0
Camilla	1950	0
Carina	1950	0
Carine	1950	0
Carla	1950	0
Carmen	1950	0
Carolina	1950	0
Caroline	1950	0
Cassandra	1950	0
Catharina	1950	0
Catherine	1950	0
Cathrin	1950	0
Cathrine	1950	0
Catrine	1950	0
Cecilia	1950	0
Cecilie	1950	10
Celia	1950	0
Celina	1950	0
Celine	1950	0
Cesilie	1950	0
Charlotte	1950	0
Christel	1950	0
Christiane	1950	0
Christin	1950	0
Christina	1950	5
Christine	1950	6
Cicilie	1950	0
Cindy	1950	0
Clara	1950	0
Claudia	1950	0
Connie	1950	0
Cornelia	1950	0
Cristina	1950	0
Dagmar	1950	7
Dagny	1950	36
Dagrun	1950	22
Daiva	1950	0
Dalia	1950	0
Dana	1950	0
Daniela	1950	0
Daniella	1950	0
Danuta	1950	9
Daria	1950	0
Deborah	1950	0
Desiree	1950	0
Diana	1950	0
Dina	1950	4
Dominika	1950	0
Doris	1950	8
Dorota	1950	0
Dorthe	1950	5
Dorthea	1950	0
Ea	1950	0
Ebba	1950	5
Edda	1950	0
Edel	1950	50
Eden	1950	0
Edit	1950	0
Edita	1950	0
Edith	1950	31
Edle	1950	7
Edna	1950	7
Edyta	1950	0
Egle	1950	0
Eileen	1950	11
Eilen	1950	0
Eilin	1950	0
Eir	1950	0
Eira	1950	0
Eiril	1950	0
Eirill	1950	0
Eirin	1950	14
Eivor	1950	9
Ekaterina	1950	0
Elbjørg	1950	10
Eldbjørg	1950	60
Eldrid	1950	12
Elea	1950	0
Eleah	1950	0
Elen	1950	4
Elena	1950	7
Elfrid	1950	11
Eli	1950	232
Eliana	1950	0
Elida	1950	0
Elin	1950	189
Elina	1950	0
Eline	1950	0
Elinor	1950	6
Elisa	1950	0
Elisabet	1950	14
Elisabeth	1950	204
Elise	1950	15
Eliza	1950	0
Elizabeth	1950	10
Ella	1950	30
Elle	1950	0
Ellen	1950	270
Ellie	1950	0
Ellinor	1950	61
Elly	1950	12
Elma	1950	0
Elna	1950	21
Elsa	1950	76
Else	1950	350
Else-Marie	1950	12
Elsie	1950	7
Elvira	1950	0
Elzbieta	1950	7
Ema	1950	0
Embla	1950	0
Emelie	1950	0
Emely	1950	0
Emilia	1950	0
Emilie	1950	0
Emilija	1950	0
Emily	1950	0
Emina	1950	0
Emine	1950	0
Emma	1950	7
Emmeli	1950	0
Emmeline	1950	0
Emmy	1950	5
Enya	1950	0
Erica	1950	0
Erika	1950	0
Erle	1950	0
Erna	1950	63
Ester	1950	29
Esther	1950	12
Eva	1950	458
Evelina	1950	0
Evelyn	1950	32
Evy	1950	58
Ewa	1950	0
Ewelina	1950	0
Fadumo	1950	0
Fanny	1950	0
Farah	1950	0
Fatemeh	1950	4
Fatima	1950	0
Fatma	1950	6
Felicia	1950	0
Filippa	1950	0
Fiona	1950	0
Fredrikke	1950	0
Freya	1950	0
Frid	1950	0
Frida	1950	6
Fride	1950	0
Frøya	1950	0
Frøydis	1950	47
Gabriela	1950	0
Gabriele	1950	0
Gabriella	1950	0
Gabrielle	1950	0
Galina	1950	6
Gerd	1950	413
Gerda	1950	16
Gina	1950	0
Gine	1950	0
Gintare	1950	0
Gitte	1950	0
Gjertrud	1950	21
Gloria	1950	0
Grace	1950	0
Grazyna	1950	0
Greta	1950	58
Grete	1950	296
Gretha	1950	13
Grethe	1950	305
Gro	1950	118
Gry	1950	10
Gudny	1950	9
Gudrun	1950	38
Gudveig	1950	11
Gun	1950	13
Gunda	1950	7
Gunhild	1950	59
Gunn	1950	181
Gunnbjørg	1950	9
Gunnhild	1950	18
Gunnlaug	1950	15
Gunnvor	1950	17
Gunvor	1950	123
Guri	1950	59
Guro	1950	10
Gyda	1950	8
Gøril	1950	7
Hafsa	1950	0
Hala	1950	0
Haldis	1950	36
Halima	1950	0
Halldis	1950	23
Hamdi	1950	0
Hana	1950	0
Hanan	1950	0
Hanna	1950	25
Hannah	1950	0
Hanne	1950	61
Harriet	1950	21
Hatice	1950	0
Hedda	1950	0
Hedvig	1950	4
Hege	1950	20
Heidi	1950	14
Helen	1950	37
Helena	1950	7
Helene	1950	39
Helga	1950	97
Helin	1950	0
Helle	1950	8
Hennie	1950	0
Henny	1950	32
Henriette	1950	4
Henrikke	1950	0
Herborg	1950	8
Herdis	1950	32
Hermine	1950	0
Hiba	1950	0
Hild	1950	5
Hilda	1950	13
Hilde	1950	79
Hildegunn	1950	35
Hildur	1950	28
Hjørdis	1950	37
Hodan	1950	0
Hong	1950	0
Huda	1950	0
Hulda	1950	0
Iben	1950	0
Ida	1950	26
Idun	1950	5
Idunn	1950	0
Ieva	1950	0
Ilona	1950	0
Iman	1950	0
Ina	1950	0
Ine	1950	0
Ines	1950	0
Inga	1950	32
Ingebjørg	1950	103
Ingeborg	1950	90
Ingelin	1950	0
Inger	1950	956
Inger-Johanne	1950	17
Inger-Lise	1950	41
Inger-Marie	1950	7
Ingerid	1950	7
Ingfrid	1950	19
Inghild	1950	5
Ingjerd	1950	30
Ingri	1950	5
Ingrid	1950	268
Ingrida	1950	0
Ingun	1950	17
Ingunn	1950	92
Ingvil	1950	0
Ingvild	1950	23
Ingvill	1950	7
Iqra	1950	0
Iren	1950	0
Irena	1950	0
Irene	1950	115
Irina	1950	4
Iris	1950	8
Irma	1950	6
Irmelin	1950	5
Iryna	1950	0
Isa	1950	0
Isabel	1950	0
Isabell	1950	0
Isabella	1950	0
Isabelle	1950	0
Iselin	1950	0
Ivana	1950	0
Iwona	1950	0
Izabela	1950	0
Jacqueline	1950	0
Jamila	1950	0
Jana	1950	0
Jane	1950	22
Janet	1950	4
Janicke	1950	0
Janita	1950	0
Janne	1950	29
Janniche	1950	0
Jannicke	1950	0
Jannike	1950	0
Jasmin	1950	0
Jasmina	1950	0
Jasmine	1950	0
Jeanett	1950	0
Jeanette	1950	0
Jelena	1950	0
Jenni	1950	0
Jennie	1950	0
Jennifer	1950	0
Jenny	1950	36
Jessica	1950	0
Jette	1950	0
Jill	1950	0
Joan	1950	5
Joanna	1950	0
Jofrid	1950	9
Johanna	1950	5
Johanne	1950	33
Jolanta	1950	0
Jorid	1950	26
Jorun	1950	99
Jorunn	1950	313
Josefine	1950	0
Josephine	1950	0
Judit	1950	0
Judith	1950	49
Julia	1950	0
Juliana	1950	0
Juliane	1950	0
Julianne	1950	0
Julie	1950	0
June	1950	7
Juni	1950	0
Jurgita	1950	0
Justyna	1950	0
Kaia	1950	0
Kaisa	1950	0
Kaja	1950	0
Kajsa	1950	0
Kamila	1950	0
Kamilla	1950	0
Karen	1950	97
Kari	1950	705
Kari-Anne	1950	0
Karianne	1950	0
Karin	1950	418
Karina	1950	0
Karine	1950	0
Karla	1950	0
Karolina	1950	0
Karoline	1950	0
Katarina	1950	0
Katarzyna	1950	0
Kate	1950	29
Katharina	1950	0
Kathe	1950	11
Katherine	1950	0
Kathinka	1950	0
Kathrin	1950	0
Kathrine	1950	0
Katinka	1950	0
Katja	1950	0
Katrin	1950	0
Katrina	1950	0
Katrine	1950	0
Kelly	1950	0
Kerstin	1950	6
Khadija	1950	0
Kim	1950	0
Kine	1950	0
Kinga	1950	0
Kira	1950	0
Kirsten	1950	286
Kirsti	1950	165
Kitty	1950	17
Kjellaug	1950	67
Kjellfrid	1950	14
Kjellrun	1950	15
Kjersti	1950	80
Kjerstin	1950	7
Klara	1950	27
Klaudia	1950	0
Kornelia	1950	0
Kristel	1950	0
Kristi	1950	11
Kristiane	1950	0
Kristin	1950	114
Kristina	1950	0
Kristine	1950	29
Krystyna	1950	8
Laila	1950	256
Lajla	1950	8
Lana	1950	0
Lara	1950	0
Larisa	1950	0
Laura	1950	6
Lea	1950	0
Leah	1950	0
Leikny	1950	7
Leila	1950	0
Lena	1950	9
Lene	1950	10
Leni	1950	0
Leona	1950	0
Leonora	1950	0
Leyla	1950	0
Liana	1950	0
Lidia	1950	0
Lilian	1950	9
Liliana	1950	0
Lilja	1950	0
Lill	1950	33
Lilli	1950	5
Lillian	1950	152
Lilly	1950	23
Lily	1950	0
Lin	1950	0
Lina	1950	0
Linda	1950	23
Lindis	1950	7
Line	1950	0
Linea	1950	0
Linn	1950	0
Linnea	1950	0
Lisa	1950	7
Lisbet	1950	20
Lisbeth	1950	157
Lise	1950	84
Liss	1950	7
Liv	1950	750
Liva	1950	0
Live	1950	5
Livia	1950	0
Liz	1950	0
Liza	1950	0
Lone	1950	0
Lotta	1950	0
Lotte	1950	0
Louise	1950	4
Lovise	1950	0
Lucia	1950	0
Lucy	1950	0
Luna	1950	0
Lydia	1950	5
Lykke	1950	0
Ma	1950	0
Madeleine	1950	0
Madelen	1950	0
Madelene	1950	0
Magda	1950	0
Magdalena	1950	0
Magna	1950	0
Magnhild	1950	49
Magni	1950	11
Magny	1950	14
Mai	1950	30
Mai-Britt	1950	0
Maia	1950	0
Maiken	1950	0
Maj	1950	14
Maja	1950	0
Malak	1950	0
Malena	1950	0
Malene	1950	0
Malgorzata	1950	0
Mali	1950	0
Malika	1950	0
Malin	1950	0
Maren	1950	8
Margaret	1950	36
Margareth	1950	32
Margarita	1950	4
Margit	1950	41
Margot	1950	23
Margrete	1950	21
Margrethe	1950	39
Margun	1950	15
Margunn	1950	17
Mari	1950	57
Mari-Ann	1950	5
Maria	1950	63
Mariam	1950	0
Marian	1950	0
Mariana	1950	0
Mariann	1950	18
Marianne	1950	128
Marie	1950	74
Mariel	1950	0
Mariell	1950	0
Marielle	1950	0
Marija	1950	0
Marina	1950	0
Marion	1950	30
Marit	1950	800
Marita	1950	0
Marlen	1950	0
Marlene	1950	0
Marry	1950	9
Marta	1950	32
Marte	1950	0
Martha	1950	30
Marthe	1950	8
Marthine	1950	0
Martina	1950	0
Martine	1950	0
Martyna	1950	0
Marwa	1950	0
Mary	1950	88
Mary-Ann	1950	0
Maryam	1950	0
Maryan	1950	0
Marzena	1950	0
Mathea	1950	0
Mathilda	1950	0
Mathilde	1950	0
Matilda	1950	0
Matilde	1950	0
Maud	1950	6
May	1950	178
May-Britt	1950	22
May-Liss	1950	5
Maya	1950	0
Maylen	1950	0
Medina	1950	0
Melanie	1950	0
Melina	1950	0
Melinda	1950	0
Melissa	1950	0
Merete	1950	21
Merethe	1950	5
Mette	1950	116
Mia	1950	0
Michaela	1950	0
Michelle	1950	0
Mie	1950	0
Mila	1950	0
Mildrid	1950	24
Milena	1950	0
Milla	1950	0
Mille	1950	0
Mina	1950	0
Mira	1950	0
Miranda	1950	0
Miriam	1950	8
Mirjam	1950	0
Molly	1950	0
Mona	1950	81
Monica	1950	14
Monika	1950	4
Muna	1950	0
My	1950	0
Møyfrid	1950	9
Målfrid	1950	57
Nada	1950	0
Nadia	1950	0
Nadine	1950	0
Nadja	1950	0
Naima	1950	0
Najma	1950	0
Nancy	1950	11
Nanna	1950	0
Naomi	1950	0
Natalia	1950	5
Natalie	1950	0
Natasha	1950	0
Nathalie	1950	0
Nellie	1950	0
Nelly	1950	16
Ngoc	1950	0
Nicole	1950	0
Nicoline	1950	0
Nikola	1950	0
Nikoline	1950	0
Nina	1950	57
Ninni	1950	8
Noor	1950	0
Nora	1950	19
Norah	1950	0
Norma	1950	9
Norunn	1950	28
Nour	1950	0
Nova	1950	0
Oda	1950	0
Oddbjørg	1950	55
Oddlaug	1950	33
Oddny	1950	43
Oddrun	1950	55
Oddveig	1950	38
Oksana	1950	0
Olaug	1950	83
Olava	1950	0
Olea	1950	0
Olena	1950	0
Olga	1950	37
Oline	1950	0
Olivia	1950	0
Oliwia	1950	0
Othelie	1950	0
Othilie	1950	0
Otilie	1950	0
Patricia	1950	4
Patrycja	1950	0
Paula	1950	6
Paulina	1950	0
Pauline	1950	0
Peggy	1950	8
Pernille	1950	0
Petra	1950	17
Phuong	1950	0
Pia	1950	0
Rabia	1950	0
Rachel	1950	0
Ragna	1950	20
Ragne	1950	0
Ragnhild	1950	279
Ragni	1950	5
Rahel	1950	0
Rahma	1950	0
Rakel	1950	8
Ramona	1950	0
Rana	1950	0
Randi	1950	504
Rania	1950	0
Rannveig	1950	26
Ranveig	1950	43
Rasa	1950	0
Rebecca	1950	0
Rebecka	1950	0
Rebekka	1950	0
Regina	1950	0
Regine	1950	0
Reidun	1950	343
Reidunn	1950	20
Renata	1950	0
Renate	1950	0
Renathe	1950	0
Renee	1950	0
Rigmor	1950	139
Rikke	1950	0
Rina	1950	0
Rita	1950	104
Ronja	1950	0
Rosa	1950	6
Rose	1950	4
Runa	1950	5
Rut	1950	0
Ruta	1950	0
Ruth	1950	143
Rønnaug	1950	12
Saba	1950	0
Sabina	1950	0
Sabine	1950	0
Sabrina	1950	0
Sadia	1950	0
Safia	1950	0
Saga	1950	0
Sahar	1950	0
Sahra	1950	0
Saima	1950	0
Salma	1950	0
Samantha	1950	0
Samira	1950	0
Sana	1950	0
Sandra	1950	0
Sanja	1950	0
Sanna	1950	0
Sanne	1950	0
Sara	1950	0
Sarah	1950	0
Savannah	1950	0
Selam	1950	0
Selina	1950	0
Seline	1950	0
Selma	1950	11
Senait	1950	0
Serina	1950	0
Serine	1950	0
Sharon	1950	0
Sheila	1950	0
Shirin	1950	0
Sidra	1950	0
Sidsel	1950	88
Sienna	1950	0
Sigfrid	1950	11
Signe	1950	87
Signy	1950	19
Sigrid	1950	88
Sigrun	1950	86
Sigrunn	1950	25
Siham	1950	0
Silja	1950	0
Silje	1950	0
Silvia	1950	0
Simona	1950	0
Simone	1950	0
Sina	1950	0
Sine	1950	0
Siren	1950	0
Siri	1950	61
Siril	1950	0
Sissel	1950	308
Siv	1950	19
Siw	1950	0
Snefrid	1950	17
Sofia	1950	0
Sofie	1950	0
Sofija	1950	0
Sol	1950	0
Solbjørg	1950	51
Solfrid	1950	106
Solgunn	1950	0
Solrun	1950	11
Solveig	1950	386
Solvor	1950	12
Solvår	1950	13
Sonia	1950	0
Sonja	1950	108
Sophia	1950	0
Sophie	1950	0
Stella	1950	0
Stephanie	1950	0
Stina	1950	4
Stine	1950	0
Sumaya	1950	0
Sunniva	1950	0
Susan	1950	0
Susann	1950	0
Susanna	1950	0
Susanne	1950	0
Suzanne	1950	0
Svanhild	1950	55
Svetlana	1950	0
Sylvi	1950	39
Sylvia	1950	27
Sylwia	1950	0
Synne	1950	0
Synnøve	1950	129
Synøve	1950	13
Sølvi	1950	59
Tale	1950	0
Tamara	1950	8
Tanja	1950	0
Tanya	1950	0
Tara	1950	0
Tatiana	1950	6
Tatjana	1950	4
Tea	1950	0
Teresa	1950	0
Terese	1950	0
Thale	1950	0
Thanh	1950	0
Thea	1950	5
Thelma	1950	0
Theresa	1950	0
Therese	1950	6
Thi	1950	6
Thilde	1950	0
Thora	1950	6
Thu	1950	0
Thuy	1950	0
Tia	1950	0
Tilde	1950	0
Tilla	1950	0
Tina	1950	0
Tine	1950	0
Tiril	1950	0
Tirill	1950	0
Tomine	1950	0
Tone	1950	135
Tonje	1950	0
Tora	1950	12
Torbjørg	1950	26
Tordis	1950	60
Torgunn	1950	27
Torhild	1950	146
Toril	1950	175
Torild	1950	110
Torill	1950	324
Torun	1950	20
Torunn	1950	120
Tove	1950	375
Trine	1950	25
Trine-Lise	1950	0
Trude	1950	9
Turi	1950	0
Turid	1950	374
Tuva	1950	0
Tyra	1950	0
Ulla	1950	20
Ulrikke	1950	0
Una	1950	0
Une	1950	0
Unn	1950	22
Unni	1950	354
Urszula	1950	0
Vaida	1950	0
Valborg	1950	10
Valentina	1950	8
Valeria	1950	0
Vanessa	1950	0
Vanja	1950	0
Venche	1950	11
Venke	1950	15
Vera	1950	51
Veronica	1950	0
Veronika	1950	0
Veslemøy	1950	0
Vibecke	1950	4
Vibeke	1950	25
Victoria	1950	0
Vida	1950	0
Vigdis	1950	285
Viktoria	1950	0
Viktorija	1950	0
Vilde	1950	0
Vilja	1950	0
Vilje	1950	0
Vilma	1950	0
Viola	1950	0
Violeta	1950	0
Vivi	1950	16
Vivian	1950	17
Vår	1950	0
Vårin	1950	0
Wanja	1950	0
Wenche	1950	392
Wendy	1950	0
Wenke	1950	8
Weronika	1950	0
Wigdis	1950	13
Wiktoria	1950	0
Wilma	1950	0
Yasmin	1950	0
Ylva	1950	0
Yngvild	1950	0
Yvonne	1950	6
Zahra	1950	0
Zainab	1950	0
Zara	1950	0
Zeinab	1950	0
Zoe	1950	0
Zofia	1950	0
Zuzanna	1950	0
Ågot	1950	7
Åsa	1950	0
Åse	1950	293
Åshild	1950	68
Åslaug	1950	11
Åsne	1950	0
Åsta	1950	13
Aagot	1960	0
Aase	1960	41
Aashild	1960	5
Aasta	1960	0
Abigail	1960	0
Ada	1960	0
Adele	1960	0
Adelen	1960	0
Adelina	1960	0
Adriana	1960	0
Agata	1960	0
Agathe	1960	0
Agne	1960	0
Agnes	1960	19
Agnete	1960	0
Agnethe	1960	0
Agnieszka	1960	0
Aida	1960	0
Aileen	1960	0
Ailin	1960	0
Aina	1960	55
Aisha	1960	0
Alba	1960	0
Aleksandra	1960	0
Alette	1960	0
Alexandra	1960	0
Alfhild	1960	7
Alice	1960	20
Alicia	1960	0
Alicja	1960	0
Alida	1960	0
Alina	1960	4
Aline	1960	0
Alisa	1960	0
Alise	1960	8
Alma	1960	0
Alva	1960	0
Alvhild	1960	0
Alvilde	1960	0
Amal	1960	0
Amalia	1960	0
Amalie	1960	0
Amanda	1960	0
Amelia	1960	0
Amelie	1960	0
Amina	1960	8
Amira	1960	0
Amna	1960	0
Amy	1960	0
Ana	1960	13
Anastasia	1960	0
Anbjørg	1960	5
Andrea	1960	8
Andrine	1960	0
Ane	1960	8
Aneta	1960	0
Anett	1960	0
Anette	1960	30
Angela	1960	8
Angelica	1960	0
Angelika	1960	0
Angelina	1960	0
Anine	1960	0
Anisa	1960	0
Anita	1960	431
Anja	1960	8
Anlaug	1960	5
Ann	1960	341
Ann-Christin	1960	8
Ann-Helen	1960	4
Ann-Karin	1960	18
Ann-Kristin	1960	36
Ann-Mari	1960	17
Anna	1960	94
Annabelle	1960	0
Annbjørg	1960	17
Anne	1960	1760
Anne-Berit	1960	10
Anne-Britt	1960	12
Anne-Grete	1960	21
Anne-Grethe	1960	24
Anne-Kari	1960	8
Anne-Karin	1960	10
Anne-Kristin	1960	6
Anne-Lene	1960	0
Anne-Lise	1960	57
Anne-Mari	1960	5
Anne-Marie	1960	19
Anne-Marit	1960	9
Anne-Mette	1960	11
Anne-Sofie	1960	8
Anneli	1960	0
Annelise	1960	7
Annette	1960	22
Anni	1960	7
Annie	1960	15
Annika	1960	9
Anniken	1960	9
Annlaug	1960	15
Anny	1960	24
Antonia	1960	0
Aria	1960	0
Ariana	1960	0
Ariel	1960	0
Arna	1960	6
Arnhild	1960	22
Arya	1960	0
Asbjørg	1960	10
Asha	1960	9
Aslaug	1960	28
Asma	1960	0
Asta	1960	7
Astri	1960	36
Astrid	1960	257
Aud	1960	226
Audhild	1960	27
Audny	1960	5
Aurora	1960	0
Ausra	1960	0
Ava	1960	0
Aya	1960	0
Ayan	1960	0
Ayla	1960	0
Aylin	1960	0
Ayse	1960	0
Azra	1960	0
Barbara	1960	24
Barbro	1960	25
Beata	1960	0
Beate	1960	61
Beathe	1960	10
Beatrice	1960	0
Belinda	1960	4
Bella	1960	0
Benedicte	1960	11
Benedikte	1960	0
Bente	1960	714
Benthe	1960	11
Bergljot	1960	0
Berit	1960	401
Bertha	1960	0
Bertine	1960	0
Betina	1960	0
Bettina	1960	0
Betty	1960	12
Bianca	1960	0
Birgit	1960	75
Birgitta	1960	6
Birgitte	1960	24
Birte	1960	10
Birthe	1960	13
Bjørg	1960	240
Bodil	1960	129
Borghild	1960	14
Borgny	1960	6
Bozena	1960	7
Brit	1960	131
Brita	1960	36
Brith	1960	10
Britt	1960	230
Brynhild	1960	14
Bushra	1960	5
Camilla	1960	5
Carina	1960	9
Carine	1960	0
Carla	1960	0
Carmen	1960	4
Carolina	1960	0
Caroline	1960	0
Cassandra	1960	0
Catharina	1960	4
Catherine	1960	4
Cathrin	1960	0
Cathrine	1960	14
Catrine	1960	0
Cecilia	1960	8
Cecilie	1960	18
Celia	1960	0
Celina	1960	0
Celine	1960	0
Cesilie	1960	0
Charlotte	1960	6
Christel	1960	0
Christiane	1960	5
Christin	1960	14
Christina	1960	8
Christine	1960	18
Cicilie	1960	0
Cindy	1960	0
Clara	1960	0
Claudia	1960	4
Connie	1960	13
Cornelia	1960	6
Cristina	1960	4
Dagmar	1960	8
Dagny	1960	18
Dagrun	1960	8
Daiva	1960	0
Dalia	1960	0
Dana	1960	0
Daniela	1960	0
Daniella	1960	0
Danuta	1960	11
Daria	1960	0
Deborah	1960	6
Desiree	1960	0
Diana	1960	9
Dina	1960	5
Dominika	1960	0
Doris	1960	12
Dorota	1960	8
Dorthe	1960	6
Dorthea	1960	0
Ea	1960	0
Ebba	1960	0
Edda	1960	0
Edel	1960	34
Eden	1960	0
Edit	1960	5
Edita	1960	0
Edith	1960	21
Edle	1960	4
Edna	1960	0
Edyta	1960	0
Egle	1960	0
Eileen	1960	6
Eilen	1960	0
Eilin	1960	0
Eir	1960	0
Eira	1960	0
Eiril	1960	0
Eirill	1960	0
Eirin	1960	17
Eivor	1960	0
Ekaterina	1960	0
Elbjørg	1960	0
Eldbjørg	1960	18
Eldrid	1960	6
Elea	1960	0
Eleah	1960	0
Elen	1960	0
Elena	1960	26
Elfrid	1960	10
Eli	1960	205
Eliana	1960	0
Elida	1960	0
Elin	1960	330
Elina	1960	0
Eline	1960	0
Elinor	1960	4
Elisa	1960	0
Elisabet	1960	17
Elisabeth	1960	286
Elise	1960	15
Eliza	1960	0
Elizabeth	1960	20
Ella	1960	14
Elle	1960	0
Ellen	1960	302
Ellie	1960	0
Ellinor	1960	32
Elly	1960	0
Elma	1960	0
Elna	1960	7
Elsa	1960	13
Else	1960	146
Else-Marie	1960	0
Elsie	1960	5
Elvira	1960	0
Elzbieta	1960	16
Ema	1960	0
Embla	1960	0
Emelie	1960	0
Emely	1960	0
Emilia	1960	0
Emilie	1960	0
Emilija	1960	0
Emily	1960	0
Emina	1960	0
Emine	1960	5
Emma	1960	0
Emmeli	1960	0
Emmeline	1960	0
Emmy	1960	0
Enya	1960	0
Erica	1960	0
Erika	1960	0
Erle	1960	0
Erna	1960	31
Ester	1960	15
Esther	1960	9
Eva	1960	415
Evelina	1960	0
Evelyn	1960	19
Evy	1960	76
Ewa	1960	13
Ewelina	1960	0
Fadumo	1960	8
Fanny	1960	0
Farah	1960	0
Fatemeh	1960	5
Fatima	1960	8
Fatma	1960	7
Felicia	1960	0
Filippa	1960	0
Fiona	1960	0
Fredrikke	1960	0
Freya	1960	0
Frid	1960	0
Frida	1960	0
Fride	1960	0
Frøya	1960	0
Frøydis	1960	35
Gabriela	1960	4
Gabriele	1960	0
Gabriella	1960	0
Gabrielle	1960	0
Galina	1960	7
Gerd	1960	191
Gerda	1960	0
Gina	1960	24
Gine	1960	0
Gintare	1960	0
Gitte	1960	9
Gjertrud	1960	14
Gloria	1960	0
Grace	1960	7
Grazyna	1960	11
Greta	1960	35
Grete	1960	252
Gretha	1960	17
Grethe	1960	250
Gro	1960	274
Gry	1960	97
Gudny	1960	5
Gudrun	1960	31
Gudveig	1960	0
Gun	1960	11
Gunda	1960	0
Gunhild	1960	52
Gunn	1960	338
Gunnbjørg	1960	5
Gunnhild	1960	11
Gunnlaug	1960	0
Gunnvor	1960	6
Gunvor	1960	41
Guri	1960	61
Guro	1960	18
Gyda	1960	0
Gøril	1960	18
Hafsa	1960	0
Hala	1960	0
Haldis	1960	21
Halima	1960	6
Halldis	1960	5
Hamdi	1960	0
Hana	1960	0
Hanan	1960	0
Hanna	1960	13
Hannah	1960	0
Hanne	1960	250
Harriet	1960	9
Hatice	1960	5
Hedda	1960	0
Hedvig	1960	4
Hege	1960	169
Heidi	1960	406
Helen	1960	44
Helena	1960	13
Helene	1960	51
Helga	1960	41
Helin	1960	0
Helle	1960	42
Hennie	1960	4
Henny	1960	19
Henriette	1960	6
Henrikke	1960	0
Herborg	1960	0
Herdis	1960	13
Hermine	1960	0
Hiba	1960	0
Hild	1960	9
Hilda	1960	6
Hilde	1960	520
Hildegunn	1960	55
Hildur	1960	13
Hjørdis	1960	15
Hodan	1960	0
Hong	1960	5
Huda	1960	0
Hulda	1960	0
Iben	1960	0
Ida	1960	29
Idun	1960	7
Idunn	1960	0
Ieva	1960	0
Ilona	1960	0
Iman	1960	0
Ina	1960	13
Ine	1960	0
Ines	1960	0
Inga	1960	21
Ingebjørg	1960	25
Ingeborg	1960	60
Ingelin	1960	6
Inger	1960	620
Inger-Johanne	1960	8
Inger-Lise	1960	29
Inger-Marie	1960	5
Ingerid	1960	0
Ingfrid	1960	9
Inghild	1960	4
Ingjerd	1960	20
Ingri	1960	0
Ingrid	1960	229
Ingrida	1960	0
Ingun	1960	19
Ingunn	1960	132
Ingvil	1960	0
Ingvild	1960	36
Ingvill	1960	11
Iqra	1960	0
Iren	1960	42
Irena	1960	6
Irene	1960	180
Irina	1960	23
Iris	1960	14
Irma	1960	0
Irmelin	1960	4
Iryna	1960	0
Isa	1960	0
Isabel	1960	4
Isabell	1960	0
Isabella	1960	4
Isabelle	1960	0
Iselin	1960	0
Ivana	1960	0
Iwona	1960	5
Izabela	1960	0
Jacqueline	1960	4
Jamila	1960	0
Jana	1960	0
Jane	1960	100
Janet	1960	11
Janicke	1960	11
Janita	1960	0
Janne	1960	160
Janniche	1960	0
Jannicke	1960	6
Jannike	1960	5
Jasmin	1960	0
Jasmina	1960	0
Jasmine	1960	0
Jeanett	1960	0
Jeanette	1960	8
Jelena	1960	11
Jenni	1960	0
Jennie	1960	0
Jennifer	1960	0
Jenny	1960	22
Jessica	1960	0
Jette	1960	4
Jill	1960	8
Joan	1960	0
Joanna	1960	5
Jofrid	1960	13
Johanna	1960	10
Johanne	1960	12
Jolanta	1960	14
Jorid	1960	21
Jorun	1960	64
Jorunn	1960	258
Josefine	1960	0
Josephine	1960	7
Judit	1960	4
Judith	1960	25
Julia	1960	7
Juliana	1960	0
Juliane	1960	0
Julianne	1960	0
Julie	1960	7
June	1960	24
Juni	1960	0
Jurgita	1960	0
Justyna	1960	0
Kaia	1960	0
Kaisa	1960	0
Kaja	1960	7
Kajsa	1960	0
Kamila	1960	0
Kamilla	1960	0
Karen	1960	70
Kari	1960	602
Kari-Anne	1960	5
Karianne	1960	0
Karin	1960	240
Karina	1960	9
Karine	1960	0
Karla	1960	0
Karolina	1960	0
Karoline	1960	5
Katarina	1960	0
Katarzyna	1960	0
Kate	1960	40
Katharina	1960	0
Kathe	1960	10
Katherine	1960	0
Kathinka	1960	0
Kathrin	1960	0
Kathrine	1960	4
Katinka	1960	0
Katja	1960	0
Katrin	1960	0
Katrina	1960	0
Katrine	1960	9
Kelly	1960	0
Kerstin	1960	19
Khadija	1960	0
Kim	1960	15
Kine	1960	0
Kinga	1960	0
Kira	1960	0
Kirsten	1960	134
Kirsti	1960	102
Kitty	1960	7
Kjellaug	1960	21
Kjellfrid	1960	6
Kjellrun	1960	0
Kjersti	1960	154
Kjerstin	1960	13
Klara	1960	9
Klaudia	1960	0
Kornelia	1960	0
Kristel	1960	0
Kristi	1960	7
Kristiane	1960	0
Kristin	1960	330
Kristina	1960	4
Kristine	1960	23
Krystyna	1960	12
Laila	1960	181
Lajla	1960	0
Lana	1960	0
Lara	1960	0
Larisa	1960	0
Laura	1960	0
Lea	1960	0
Leah	1960	0
Leikny	1960	4
Leila	1960	4
Lena	1960	45
Lene	1960	46
Leni	1960	0
Leona	1960	0
Leonora	1960	0
Leyla	1960	0
Liana	1960	0
Lidia	1960	6
Lilian	1960	0
Liliana	1960	0
Lilja	1960	0
Lill	1960	66
Lilli	1960	0
Lillian	1960	135
Lilly	1960	13
Lily	1960	0
Lin	1960	0
Lina	1960	4
Linda	1960	204
Lindis	1960	6
Line	1960	28
Linea	1960	0
Linn	1960	0
Linnea	1960	0
Lisa	1960	9
Lisbet	1960	21
Lisbeth	1960	181
Lise	1960	169
Liss	1960	25
Liv	1960	472
Liva	1960	0
Live	1960	5
Livia	1960	0
Liz	1960	8
Liza	1960	0
Lone	1960	7
Lotta	1960	0
Lotte	1960	0
Louise	1960	0
Lovise	1960	0
Lucia	1960	4
Lucy	1960	0
Luna	1960	0
Lydia	1960	0
Lykke	1960	0
Ma	1960	0
Madeleine	1960	0
Madelen	1960	0
Madelene	1960	0
Magda	1960	0
Magdalena	1960	6
Magna	1960	0
Magnhild	1960	19
Magni	1960	12
Magny	1960	10
Mai	1960	34
Mai-Britt	1960	12
Maia	1960	0
Maiken	1960	0
Maj	1960	9
Maja	1960	5
Malak	1960	0
Malena	1960	0
Malene	1960	0
Malgorzata	1960	13
Mali	1960	0
Malika	1960	0
Malin	1960	0
Maren	1960	8
Margaret	1960	25
Margareth	1960	20
Margarita	1960	0
Margit	1960	25
Margot	1960	9
Margrete	1960	13
Margrethe	1960	29
Margun	1960	11
Margunn	1960	28
Mari	1960	70
Mari-Ann	1960	18
Maria	1960	103
Mariam	1960	4
Marian	1960	18
Mariana	1960	0
Mariann	1960	67
Marianne	1960	400
Marie	1960	60
Mariel	1960	0
Mariell	1960	0
Marielle	1960	0
Marija	1960	0
Marina	1960	37
Marion	1960	33
Marit	1960	612
Marita	1960	22
Marlen	1960	0
Marlene	1960	0
Marry	1960	0
Marta	1960	21
Marte	1960	9
Martha	1960	19
Marthe	1960	12
Marthine	1960	0
Martina	1960	5
Martine	1960	0
Martyna	1960	0
Marwa	1960	0
Mary	1960	45
Mary-Ann	1960	8
Maryam	1960	5
Maryan	1960	0
Marzena	1960	0
Mathea	1960	0
Mathilda	1960	0
Mathilde	1960	0
Matilda	1960	0
Matilde	1960	0
Maud	1960	5
May	1960	291
May-Britt	1960	52
May-Liss	1960	8
Maya	1960	0
Maylen	1960	0
Medina	1960	0
Melanie	1960	0
Melina	1960	0
Melinda	1960	0
Melissa	1960	0
Merete	1960	103
Merethe	1960	28
Mette	1960	279
Mia	1960	7
Michaela	1960	0
Michelle	1960	0
Mie	1960	0
Mila	1960	0
Mildrid	1960	13
Milena	1960	0
Milla	1960	0
Mille	1960	0
Mina	1960	0
Mira	1960	0
Miranda	1960	0
Miriam	1960	9
Mirjam	1960	10
Molly	1960	0
Mona	1960	366
Monica	1960	63
Monika	1960	31
Muna	1960	0
My	1960	0
Møyfrid	1960	13
Målfrid	1960	26
Nada	1960	6
Nadia	1960	0
Nadine	1960	0
Nadja	1960	0
Naima	1960	0
Najma	1960	0
Nancy	1960	20
Nanna	1960	0
Naomi	1960	0
Natalia	1960	17
Natalie	1960	0
Natasha	1960	0
Nathalie	1960	0
Nellie	1960	0
Nelly	1960	7
Ngoc	1960	0
Nicole	1960	0
Nicoline	1960	0
Nikola	1960	0
Nikoline	1960	0
Nina	1960	483
Ninni	1960	0
Noor	1960	0
Nora	1960	28
Norah	1960	0
Norma	1960	5
Norunn	1960	17
Nour	1960	0
Nova	1960	0
Oda	1960	0
Oddbjørg	1960	23
Oddlaug	1960	7
Oddny	1960	33
Oddrun	1960	29
Oddveig	1960	26
Oksana	1960	0
Olaug	1960	49
Olava	1960	0
Olea	1960	0
Olena	1960	0
Olga	1960	34
Oline	1960	0
Olivia	1960	0
Oliwia	1960	0
Othelie	1960	0
Othilie	1960	0
Otilie	1960	0
Patricia	1960	7
Patrycja	1960	0
Paula	1960	12
Paulina	1960	0
Pauline	1960	4
Peggy	1960	13
Pernille	1960	0
Petra	1960	9
Phuong	1960	4
Pia	1960	20
Rabia	1960	0
Rachel	1960	0
Ragna	1960	16
Ragne	1960	4
Ragnhild	1960	169
Ragni	1960	4
Rahel	1960	0
Rahma	1960	0
Rakel	1960	0
Ramona	1960	0
Rana	1960	0
Randi	1960	353
Rania	1960	0
Rannveig	1960	10
Ranveig	1960	23
Rasa	1960	0
Rebecca	1960	0
Rebecka	1960	0
Rebekka	1960	0
Regina	1960	9
Regine	1960	0
Reidun	1960	165
Reidunn	1960	10
Renata	1960	0
Renate	1960	7
Renathe	1960	0
Renee	1960	4
Rigmor	1960	68
Rikke	1960	10
Rina	1960	0
Rita	1960	196
Ronja	1960	0
Rosa	1960	5
Rose	1960	6
Runa	1960	22
Rut	1960	4
Ruta	1960	0
Ruth	1960	96
Rønnaug	1960	21
Saba	1960	0
Sabina	1960	0
Sabine	1960	5
Sabrina	1960	0
Sadia	1960	0
Safia	1960	0
Saga	1960	0
Sahar	1960	0
Sahra	1960	4
Saima	1960	0
Salma	1960	0
Samantha	1960	0
Samira	1960	0
Sana	1960	0
Sandra	1960	9
Sanja	1960	0
Sanna	1960	0
Sanne	1960	0
Sara	1960	8
Sarah	1960	4
Savannah	1960	0
Selam	1960	0
Selina	1960	0
Seline	1960	0
Selma	1960	0
Senait	1960	0
Serina	1960	0
Serine	1960	0
Sharon	1960	0
Sheila	1960	0
Shirin	1960	0
Sidra	1960	0
Sidsel	1960	53
Sienna	1960	0
Sigfrid	1960	5
Signe	1960	72
Signy	1960	12
Sigrid	1960	44
Sigrun	1960	46
Sigrunn	1960	10
Siham	1960	0
Silja	1960	0
Silje	1960	0
Silvia	1960	5
Simona	1960	0
Simone	1960	0
Sina	1960	0
Sine	1960	0
Siren	1960	9
Siri	1960	136
Siril	1960	0
Sissel	1960	386
Siv	1960	155
Siw	1960	40
Snefrid	1960	10
Sofia	1960	0
Sofie	1960	6
Sofija	1960	0
Sol	1960	0
Solbjørg	1960	28
Solfrid	1960	78
Solgunn	1960	12
Solrun	1960	0
Solveig	1960	180
Solvor	1960	4
Solvår	1960	7
Sonia	1960	0
Sonja	1960	64
Sophia	1960	0
Sophie	1960	4
Stella	1960	0
Stephanie	1960	0
Stina	1960	0
Stine	1960	18
Sumaya	1960	0
Sunniva	1960	7
Susan	1960	13
Susann	1960	0
Susanna	1960	0
Susanne	1960	26
Suzanne	1960	0
Svanhild	1960	32
Svetlana	1960	22
Sylvi	1960	31
Sylvia	1960	14
Sylwia	1960	0
Synne	1960	0
Synnøve	1960	98
Synøve	1960	4
Sølvi	1960	142
Tale	1960	0
Tamara	1960	0
Tanja	1960	0
Tanya	1960	0
Tara	1960	0
Tatiana	1960	13
Tatjana	1960	8
Tea	1960	0
Teresa	1960	11
Terese	1960	0
Thale	1960	0
Thanh	1960	4
Thea	1960	0
Thelma	1960	0
Theresa	1960	0
Therese	1960	9
Thi	1960	12
Thilde	1960	0
Thora	1960	0
Thu	1960	0
Thuy	1960	0
Tia	1960	0
Tilde	1960	0
Tilla	1960	0
Tina	1960	10
Tine	1960	12
Tiril	1960	0
Tirill	1960	0
Tomine	1960	0
Tone	1960	439
Tonje	1960	11
Tora	1960	0
Torbjørg	1960	12
Tordis	1960	16
Torgunn	1960	10
Torhild	1960	75
Toril	1960	136
Torild	1960	62
Torill	1960	193
Torun	1960	22
Torunn	1960	114
Tove	1960	509
Trine	1960	163
Trine-Lise	1960	0
Trude	1960	98
Turi	1960	5
Turid	1960	239
Tuva	1960	0
Tyra	1960	0
Ulla	1960	14
Ulrikke	1960	0
Una	1960	0
Une	1960	0
Unn	1960	45
Unni	1960	284
Urszula	1960	5
Vaida	1960	0
Valborg	1960	6
Valentina	1960	7
Valeria	1960	0
Vanessa	1960	0
Vanja	1960	9
Venche	1960	15
Venke	1960	30
Vera	1960	40
Veronica	1960	0
Veronika	1960	0
Veslemøy	1960	6
Vibecke	1960	7
Vibeke	1960	66
Victoria	1960	4
Vida	1960	4
Vigdis	1960	193
Viktoria	1960	0
Viktorija	1960	0
Vilde	1960	0
Vilja	1960	0
Vilje	1960	0
Vilma	1960	0
Viola	1960	0
Violeta	1960	0
Vivi	1960	36
Vivian	1960	33
Vår	1960	0
Vårin	1960	0
Wanja	1960	8
Wenche	1960	420
Wendy	1960	0
Wenke	1960	20
Weronika	1960	0
Wigdis	1960	7
Wiktoria	1960	0
Wilma	1960	0
Yasmin	1960	0
Ylva	1960	0
Yngvild	1960	4
Yvonne	1960	11
Zahra	1960	9
Zainab	1960	0
Zara	1960	0
Zeinab	1960	0
Zoe	1960	0
Zofia	1960	4
Zuzanna	1960	0
Ågot	1960	6
Åsa	1960	7
Åse	1960	230
Åshild	1960	59
Åslaug	1960	6
Åsne	1960	5
Åsta	1960	7
Aagot	1970	0
Aase	1970	22
Aashild	1970	0
Aasta	1970	0
Abigail	1970	0
Ada	1970	6
Adele	1970	4
Adelen	1970	0
Adelina	1970	0
Adriana	1970	7
Agata	1970	7
Agathe	1970	0
Agne	1970	0
Agnes	1970	12
Agnete	1970	7
Agnethe	1970	6
Agnieszka	1970	25
Aida	1970	9
Aileen	1970	4
Ailin	1970	6
Aina	1970	111
Aisha	1970	0
Alba	1970	0
Aleksandra	1970	8
Alette	1970	0
Alexandra	1970	8
Alfhild	1970	0
Alice	1970	21
Alicia	1970	0
Alicja	1970	0
Alida	1970	0
Alina	1970	7
Aline	1970	0
Alisa	1970	0
Alise	1970	0
Alma	1970	6
Alva	1970	0
Alvhild	1970	0
Alvilde	1970	0
Amal	1970	4
Amalia	1970	0
Amalie	1970	0
Amanda	1970	0
Amelia	1970	0
Amelie	1970	0
Amina	1970	10
Amira	1970	0
Amna	1970	0
Amy	1970	5
Ana	1970	19
Anastasia	1970	0
Anbjørg	1970	0
Andrea	1970	10
Andrine	1970	0
Ane	1970	27
Aneta	1970	5
Anett	1970	25
Anette	1970	169
Angela	1970	11
Angelica	1970	5
Angelika	1970	7
Angelina	1970	4
Anine	1970	7
Anisa	1970	0
Anita	1970	665
Anja	1970	92
Anlaug	1970	0
Ann	1970	404
Ann-Christin	1970	28
Ann-Helen	1970	19
Ann-Karin	1970	21
Ann-Kristin	1970	90
Ann-Mari	1970	12
Anna	1970	125
Annabelle	1970	0
Annbjørg	1970	8
Anne	1970	1130
Anne-Berit	1970	10
Anne-Britt	1970	12
Anne-Grete	1970	4
Anne-Grethe	1970	11
Anne-Kari	1970	0
Anne-Karin	1970	5
Anne-Kristin	1970	4
Anne-Lene	1970	16
Anne-Lise	1970	35
Anne-Mari	1970	0
Anne-Marie	1970	8
Anne-Marit	1970	7
Anne-Mette	1970	11
Anne-Sofie	1970	6
Anneli	1970	5
Annelise	1970	0
Annette	1970	77
Anni	1970	5
Annie	1970	9
Annika	1970	19
Anniken	1970	34
Annlaug	1970	7
Anny	1970	7
Antonia	1970	0
Aria	1970	0
Ariana	1970	0
Ariel	1970	0
Arna	1970	0
Arnhild	1970	16
Arya	1970	0
Asbjørg	1970	8
Asha	1970	7
Aslaug	1970	13
Asma	1970	0
Asta	1970	4
Astri	1970	24
Astrid	1970	126
Aud	1970	76
Audhild	1970	4
Audny	1970	0
Aurora	1970	0
Ausra	1970	9
Ava	1970	0
Aya	1970	0
Ayan	1970	4
Ayla	1970	0
Aylin	1970	0
Ayse	1970	7
Azra	1970	6
Barbara	1970	26
Barbro	1970	48
Beata	1970	39
Beate	1970	162
Beathe	1970	31
Beatrice	1970	4
Belinda	1970	13
Bella	1970	0
Benedicte	1970	20
Benedikte	1970	9
Bente	1970	449
Benthe	1970	5
Bergljot	1970	0
Berit	1970	160
Bertha	1970	0
Bertine	1970	0
Betina	1970	0
Bettina	1970	14
Betty	1970	5
Bianca	1970	0
Birgit	1970	37
Birgitta	1970	5
Birgitte	1970	69
Birte	1970	8
Birthe	1970	9
Bjørg	1970	63
Bodil	1970	73
Borghild	1970	10
Borgny	1970	0
Bozena	1970	8
Brit	1970	63
Brita	1970	21
Brith	1970	0
Britt	1970	133
Brynhild	1970	7
Bushra	1970	4
Camilla	1970	99
Carina	1970	35
Carine	1970	0
Carla	1970	0
Carmen	1970	10
Carolina	1970	6
Caroline	1970	20
Cassandra	1970	0
Catharina	1970	11
Catherine	1970	14
Cathrin	1970	11
Cathrine	1970	179
Catrine	1970	7
Cecilia	1970	10
Cecilie	1970	164
Celia	1970	0
Celina	1970	0
Celine	1970	0
Cesilie	1970	5
Charlotte	1970	51
Christel	1970	12
Christiane	1970	0
Christin	1970	51
Christina	1970	48
Christine	1970	90
Cicilie	1970	6
Cindy	1970	0
Clara	1970	0
Claudia	1970	17
Connie	1970	19
Cornelia	1970	5
Cristina	1970	9
Dagmar	1970	4
Dagny	1970	13
Dagrun	1970	0
Daiva	1970	12
Dalia	1970	7
Dana	1970	5
Daniela	1970	13
Daniella	1970	0
Danuta	1970	7
Daria	1970	0
Deborah	1970	0
Desiree	1970	0
Diana	1970	19
Dina	1970	9
Dominika	1970	0
Doris	1970	4
Dorota	1970	24
Dorthe	1970	5
Dorthea	1970	0
Ea	1970	0
Ebba	1970	0
Edda	1970	0
Edel	1970	25
Eden	1970	5
Edit	1970	0
Edita	1970	15
Edith	1970	11
Edle	1970	6
Edna	1970	5
Edyta	1970	12
Egle	1970	0
Eileen	1970	10
Eilen	1970	0
Eilin	1970	0
Eir	1970	0
Eira	1970	0
Eiril	1970	0
Eirill	1970	0
Eirin	1970	39
Eivor	1970	6
Ekaterina	1970	4
Elbjørg	1970	0
Eldbjørg	1970	4
Eldrid	1970	4
Elea	1970	0
Eleah	1970	0
Elen	1970	4
Elena	1970	50
Elfrid	1970	0
Eli	1970	112
Eliana	1970	0
Elida	1970	0
Elin	1970	370
Elina	1970	0
Eline	1970	5
Elinor	1970	0
Elisa	1970	10
Elisabet	1970	25
Elisabeth	1970	440
Elise	1970	19
Eliza	1970	0
Elizabeth	1970	26
Ella	1970	0
Elle	1970	0
Ellen	1970	244
Ellie	1970	0
Ellinor	1970	19
Elly	1970	0
Elma	1970	0
Elna	1970	4
Elsa	1970	13
Else	1970	50
Else-Marie	1970	0
Elsie	1970	0
Elvira	1970	4
Elzbieta	1970	9
Ema	1970	0
Embla	1970	0
Emelie	1970	0
Emely	1970	0
Emilia	1970	5
Emilie	1970	0
Emilija	1970	0
Emily	1970	0
Emina	1970	0
Emine	1970	9
Emma	1970	7
Emmeli	1970	0
Emmeline	1970	0
Emmy	1970	0
Enya	1970	0
Erica	1970	0
Erika	1970	8
Erle	1970	0
Erna	1970	5
Ester	1970	7
Esther	1970	7
Eva	1970	292
Evelina	1970	0
Evelyn	1970	29
Evy	1970	44
Ewa	1970	29
Ewelina	1970	0
Fadumo	1970	17
Fanny	1970	0
Farah	1970	0
Fatemeh	1970	0
Fatima	1970	23
Fatma	1970	4
Felicia	1970	0
Filippa	1970	0
Fiona	1970	0
Fredrikke	1970	0
Freya	1970	0
Frid	1970	4
Frida	1970	5
Fride	1970	4
Frøya	1970	0
Frøydis	1970	28
Gabriela	1970	4
Gabriele	1970	0
Gabriella	1970	0
Gabrielle	1970	6
Galina	1970	6
Gerd	1970	37
Gerda	1970	0
Gina	1970	16
Gine	1970	4
Gintare	1970	0
Gitte	1970	22
Gjertrud	1970	17
Gloria	1970	5
Grace	1970	5
Grazyna	1970	9
Greta	1970	7
Grete	1970	119
Gretha	1970	0
Grethe	1970	134
Gro	1970	245
Gry	1970	224
Gudny	1970	0
Gudrun	1970	23
Gudveig	1970	0
Gun	1970	4
Gunda	1970	0
Gunhild	1970	56
Gunn	1970	219
Gunnbjørg	1970	0
Gunnhild	1970	30
Gunnlaug	1970	0
Gunnvor	1970	5
Gunvor	1970	18
Guri	1970	33
Guro	1970	31
Gyda	1970	0
Gøril	1970	30
Hafsa	1970	0
Hala	1970	0
Haldis	1970	8
Halima	1970	7
Halldis	1970	0
Hamdi	1970	0
Hana	1970	5
Hanan	1970	4
Hanna	1970	20
Hannah	1970	0
Hanne	1970	324
Harriet	1970	8
Hatice	1970	6
Hedda	1970	9
Hedvig	1970	10
Hege	1970	785
Heidi	1970	625
Helen	1970	78
Helena	1970	11
Helene	1970	78
Helga	1970	33
Helin	1970	0
Helle	1970	38
Hennie	1970	0
Henny	1970	6
Henriette	1970	39
Henrikke	1970	0
Herborg	1970	0
Herdis	1970	6
Hermine	1970	0
Hiba	1970	0
Hild	1970	6
Hilda	1970	0
Hilde	1970	768
Hildegunn	1970	61
Hildur	1970	0
Hjørdis	1970	8
Hodan	1970	4
Hong	1970	7
Huda	1970	0
Hulda	1970	0
Iben	1970	0
Ida	1970	33
Idun	1970	9
Idunn	1970	0
Ieva	1970	0
Ilona	1970	12
Iman	1970	5
Ina	1970	28
Ine	1970	27
Ines	1970	0
Inga	1970	22
Ingebjørg	1970	22
Ingeborg	1970	40
Ingelin	1970	0
Inger	1970	337
Inger-Johanne	1970	6
Inger-Lise	1970	23
Inger-Marie	1970	0
Ingerid	1970	0
Ingfrid	1970	0
Inghild	1970	5
Ingjerd	1970	17
Ingri	1970	4
Ingrid	1970	149
Ingrida	1970	0
Ingun	1970	19
Ingunn	1970	164
Ingvil	1970	6
Ingvild	1970	64
Ingvill	1970	9
Iqra	1970	0
Iren	1970	46
Irena	1970	10
Irene	1970	204
Irina	1970	34
Iris	1970	26
Irma	1970	4
Irmelin	1970	5
Iryna	1970	6
Isa	1970	0
Isabel	1970	4
Isabell	1970	6
Isabella	1970	0
Isabelle	1970	6
Iselin	1970	0
Ivana	1970	0
Iwona	1970	19
Izabela	1970	13
Jacqueline	1970	11
Jamila	1970	6
Jana	1970	7
Jane	1970	58
Janet	1970	9
Janicke	1970	16
Janita	1970	0
Janne	1970	249
Janniche	1970	9
Jannicke	1970	56
Jannike	1970	7
Jasmin	1970	0
Jasmina	1970	0
Jasmine	1970	0
Jeanett	1970	0
Jeanette	1970	58
Jelena	1970	12
Jenni	1970	0
Jennie	1970	0
Jennifer	1970	9
Jenny	1970	16
Jessica	1970	6
Jette	1970	0
Jill	1970	20
Joan	1970	4
Joanna	1970	19
Jofrid	1970	4
Johanna	1970	9
Johanne	1970	11
Jolanta	1970	23
Jorid	1970	17
Jorun	1970	30
Jorunn	1970	114
Josefine	1970	0
Josephine	1970	7
Judit	1970	0
Judith	1970	13
Julia	1970	14
Juliana	1970	4
Juliane	1970	0
Julianne	1970	6
Julie	1970	19
June	1970	23
Juni	1970	0
Jurgita	1970	0
Justyna	1970	4
Kaia	1970	0
Kaisa	1970	0
Kaja	1970	5
Kajsa	1970	0
Kamila	1970	4
Kamilla	1970	0
Karen	1970	51
Kari	1970	300
Kari-Anne	1970	40
Karianne	1970	103
Karin	1970	121
Karina	1970	28
Karine	1970	11
Karla	1970	0
Karolina	1970	0
Karoline	1970	9
Katarina	1970	14
Katarzyna	1970	20
Kate	1970	44
Katharina	1970	10
Kathe	1970	7
Katherine	1970	0
Kathinka	1970	6
Kathrin	1970	12
Kathrine	1970	82
Katinka	1970	0
Katja	1970	17
Katrin	1970	11
Katrina	1970	0
Katrine	1970	78
Kelly	1970	0
Kerstin	1970	13
Khadija	1970	12
Kim	1970	20
Kine	1970	6
Kinga	1970	4
Kira	1970	0
Kirsten	1970	62
Kirsti	1970	110
Kitty	1970	8
Kjellaug	1970	0
Kjellfrid	1970	0
Kjellrun	1970	4
Kjersti	1970	231
Kjerstin	1970	16
Klara	1970	5
Klaudia	1970	0
Kornelia	1970	0
Kristel	1970	6
Kristi	1970	8
Kristiane	1970	0
Kristin	1970	496
Kristina	1970	25
Kristine	1970	88
Krystyna	1970	0
Laila	1970	267
Lajla	1970	0
Lana	1970	0
Lara	1970	5
Larisa	1970	4
Laura	1970	10
Lea	1970	0
Leah	1970	0
Leikny	1970	4
Leila	1970	9
Lena	1970	299
Lene	1970	313
Leni	1970	9
Leona	1970	0
Leonora	1970	0
Leyla	1970	5
Liana	1970	0
Lidia	1970	7
Lilian	1970	5
Liliana	1970	0
Lilja	1970	0
Lill	1970	108
Lilli	1970	5
Lillian	1970	79
Lilly	1970	10
Lily	1970	0
Lin	1970	17
Lina	1970	14
Linda	1970	536
Lindis	1970	7
Line	1970	387
Linea	1970	0
Linn	1970	63
Linnea	1970	0
Lisa	1970	27
Lisbet	1970	26
Lisbeth	1970	137
Lise	1970	187
Liss	1970	17
Liv	1970	260
Liva	1970	0
Live	1970	18
Livia	1970	0
Liz	1970	6
Liza	1970	4
Lone	1970	18
Lotta	1970	0
Lotte	1970	6
Louise	1970	0
Lovise	1970	0
Lucia	1970	0
Lucy	1970	0
Luna	1970	0
Lydia	1970	0
Lykke	1970	0
Ma	1970	4
Madeleine	1970	0
Madelen	1970	0
Madelene	1970	0
Magda	1970	0
Magdalena	1970	10
Magna	1970	0
Magnhild	1970	9
Magni	1970	7
Magny	1970	0
Mai	1970	30
Mai-Britt	1970	4
Maia	1970	0
Maiken	1970	7
Maj	1970	10
Maja	1970	8
Malak	1970	0
Malena	1970	0
Malene	1970	0
Malgorzata	1970	30
Mali	1970	0
Malika	1970	4
Malin	1970	28
Maren	1970	9
Margaret	1970	15
Margareth	1970	17
Margarita	1970	0
Margit	1970	10
Margot	1970	0
Margrete	1970	10
Margrethe	1970	40
Margun	1970	0
Margunn	1970	13
Mari	1970	73
Mari-Ann	1970	4
Maria	1970	150
Mariam	1970	9
Marian	1970	17
Mariana	1970	9
Mariann	1970	108
Marianne	1970	570
Marie	1970	47
Mariel	1970	0
Mariell	1970	0
Marielle	1970	0
Marija	1970	0
Marina	1970	22
Marion	1970	11
Marit	1970	358
Marita	1970	49
Marlen	1970	5
Marlene	1970	0
Marry	1970	0
Marta	1970	12
Marte	1970	24
Martha	1970	12
Marthe	1970	15
Marthine	1970	0
Martina	1970	4
Martine	1970	4
Martyna	1970	0
Marwa	1970	0
Mary	1970	25
Mary-Ann	1970	13
Maryam	1970	11
Maryan	1970	5
Marzena	1970	13
Mathea	1970	0
Mathilda	1970	0
Mathilde	1970	0
Matilda	1970	0
Matilde	1970	0
Maud	1970	0
May	1970	199
May-Britt	1970	34
May-Liss	1970	11
Maya	1970	6
Maylen	1970	0
Medina	1970	0
Melanie	1970	5
Melina	1970	0
Melinda	1970	4
Melissa	1970	0
Merete	1970	219
Merethe	1970	102
Mette	1970	286
Mia	1970	12
Michaela	1970	0
Michelle	1970	12
Mie	1970	0
Mila	1970	0
Mildrid	1970	5
Milena	1970	0
Milla	1970	0
Mille	1970	0
Mina	1970	7
Mira	1970	0
Miranda	1970	0
Miriam	1970	14
Mirjam	1970	7
Molly	1970	0
Mona	1970	485
Monica	1970	642
Monika	1970	135
Muna	1970	0
My	1970	9
Møyfrid	1970	5
Målfrid	1970	14
Nada	1970	0
Nadia	1970	7
Nadine	1970	0
Nadja	1970	7
Naima	1970	0
Najma	1970	0
Nancy	1970	35
Nanna	1970	5
Naomi	1970	0
Natalia	1970	31
Natalie	1970	5
Natasha	1970	5
Nathalie	1970	5
Nellie	1970	0
Nelly	1970	0
Ngoc	1970	13
Nicole	1970	12
Nicoline	1970	0
Nikola	1970	0
Nikoline	1970	0
Nina	1970	660
Ninni	1970	0
Noor	1970	0
Nora	1970	15
Norah	1970	0
Norma	1970	0
Norunn	1970	14
Nour	1970	0
Nova	1970	0
Oda	1970	0
Oddbjørg	1970	0
Oddlaug	1970	5
Oddny	1970	16
Oddrun	1970	22
Oddveig	1970	9
Oksana	1970	12
Olaug	1970	31
Olava	1970	0
Olea	1970	0
Olena	1970	8
Olga	1970	45
Oline	1970	0
Olivia	1970	0
Oliwia	1970	0
Othelie	1970	0
Othilie	1970	0
Otilie	1970	0
Patricia	1970	6
Patrycja	1970	0
Paula	1970	10
Paulina	1970	0
Pauline	1970	0
Peggy	1970	6
Pernille	1970	12
Petra	1970	7
Phuong	1970	8
Pia	1970	77
Rabia	1970	7
Rachel	1970	8
Ragna	1970	11
Ragne	1970	0
Ragnhild	1970	98
Ragni	1970	0
Rahel	1970	0
Rahma	1970	0
Rakel	1970	11
Ramona	1970	0
Rana	1970	0
Randi	1970	200
Rania	1970	0
Rannveig	1970	15
Ranveig	1970	19
Rasa	1970	9
Rebecca	1970	7
Rebecka	1970	0
Rebekka	1970	5
Regina	1970	11
Regine	1970	0
Reidun	1970	72
Reidunn	1970	0
Renata	1970	18
Renate	1970	41
Renathe	1970	0
Renee	1970	10
Rigmor	1970	38
Rikke	1970	15
Rina	1970	4
Rita	1970	170
Ronja	1970	0
Rosa	1970	5
Rose	1970	9
Runa	1970	13
Rut	1970	11
Ruta	1970	4
Ruth	1970	58
Rønnaug	1970	6
Saba	1970	9
Sabina	1970	0
Sabine	1970	8
Sabrina	1970	5
Sadia	1970	0
Safia	1970	0
Saga	1970	0
Sahar	1970	0
Sahra	1970	9
Saima	1970	0
Salma	1970	0
Samantha	1970	0
Samira	1970	8
Sana	1970	0
Sandra	1970	23
Sanja	1970	0
Sanna	1970	0
Sanne	1970	0
Sara	1970	22
Sarah	1970	16
Savannah	1970	0
Selam	1970	0
Selina	1970	0
Seline	1970	0
Selma	1970	0
Senait	1970	8
Serina	1970	0
Serine	1970	0
Sharon	1970	8
Sheila	1970	0
Shirin	1970	0
Sidra	1970	0
Sidsel	1970	18
Sienna	1970	0
Sigfrid	1970	4
Signe	1970	43
Signy	1970	0
Sigrid	1970	34
Sigrun	1970	24
Sigrunn	1970	7
Siham	1970	0
Silja	1970	4
Silje	1970	25
Silvia	1970	6
Simona	1970	0
Simone	1970	6
Sina	1970	0
Sine	1970	0
Siren	1970	24
Siri	1970	174
Siril	1970	0
Sissel	1970	248
Siv	1970	318
Siw	1970	117
Snefrid	1970	4
Sofia	1970	9
Sofie	1970	0
Sofija	1970	0
Sol	1970	6
Solbjørg	1970	13
Solfrid	1970	64
Solgunn	1970	6
Solrun	1970	6
Solveig	1970	110
Solvor	1970	7
Solvår	1970	0
Sonia	1970	6
Sonja	1970	124
Sophia	1970	0
Sophie	1970	5
Stella	1970	0
Stephanie	1970	7
Stina	1970	13
Stine	1970	85
Sumaya	1970	0
Sunniva	1970	10
Susan	1970	22
Susann	1970	17
Susanna	1970	4
Susanne	1970	45
Suzanne	1970	5
Svanhild	1970	15
Svetlana	1970	32
Sylvi	1970	19
Sylvia	1970	20
Sylwia	1970	8
Synne	1970	11
Synnøve	1970	76
Synøve	1970	5
Sølvi	1970	82
Tale	1970	8
Tamara	1970	0
Tanja	1970	90
Tanya	1970	5
Tara	1970	0
Tatiana	1970	15
Tatjana	1970	7
Tea	1970	0
Teresa	1970	12
Terese	1970	6
Thale	1970	7
Thanh	1970	9
Thea	1970	6
Thelma	1970	0
Theresa	1970	0
Therese	1970	84
Thi	1970	19
Thilde	1970	0
Thora	1970	7
Thu	1970	8
Thuy	1970	16
Tia	1970	0
Tilde	1970	0
Tilla	1970	0
Tina	1970	51
Tine	1970	44
Tiril	1970	0
Tirill	1970	0
Tomine	1970	0
Tone	1970	578
Tonje	1970	54
Tora	1970	0
Torbjørg	1970	9
Tordis	1970	0
Torgunn	1970	0
Torhild	1970	31
Toril	1970	81
Torild	1970	20
Torill	1970	111
Torun	1970	8
Torunn	1970	102
Tove	1970	296
Trine	1970	386
Trine-Lise	1970	15
Trude	1970	205
Turi	1970	10
Turid	1970	110
Tuva	1970	0
Tyra	1970	0
Ulla	1970	8
Ulrikke	1970	0
Una	1970	0
Une	1970	4
Unn	1970	24
Unni	1970	146
Urszula	1970	4
Vaida	1970	0
Valborg	1970	6
Valentina	1970	4
Valeria	1970	0
Vanessa	1970	5
Vanja	1970	21
Venche	1970	5
Venke	1970	16
Vera	1970	25
Veronica	1970	31
Veronika	1970	18
Veslemøy	1970	15
Vibecke	1970	23
Vibeke	1970	304
Victoria	1970	10
Vida	1970	4
Vigdis	1970	72
Viktoria	1970	4
Viktorija	1970	0
Vilde	1970	0
Vilja	1970	0
Vilje	1970	0
Vilma	1970	11
Viola	1970	0
Violeta	1970	6
Vivi	1970	25
Vivian	1970	42
Vår	1970	0
Vårin	1970	0
Wanja	1970	0
Wenche	1970	297
Wendy	1970	5
Wenke	1970	14
Weronika	1970	0
Wigdis	1970	0
Wiktoria	1970	0
Wilma	1970	0
Yasmin	1970	6
Ylva	1970	9
Yngvild	1970	5
Yvonne	1970	43
Zahra	1970	10
Zainab	1970	6
Zara	1970	0
Zeinab	1970	0
Zoe	1970	0
Zofia	1970	0
Zuzanna	1970	0
Ågot	1970	0
Åsa	1970	9
Åse	1970	143
Åshild	1970	53
Åslaug	1970	10
Åsne	1970	11
Åsta	1970	4
Aagot	1980	0
Aase	1980	6
Aashild	1980	0
Aasta	1980	0
Abigail	1980	0
Ada	1980	0
Adele	1980	0
Adelen	1980	0
Adelina	1980	0
Adriana	1980	14
Agata	1980	22
Agathe	1980	4
Agne	1980	7
Agnes	1980	16
Agnete	1980	15
Agnethe	1980	13
Agnieszka	1980	80
Aida	1980	10
Aileen	1980	7
Ailin	1980	9
Aina	1980	82
Aisha	1980	7
Alba	1980	0
Aleksandra	1980	30
Alette	1980	4
Alexandra	1980	21
Alfhild	1980	4
Alice	1980	26
Alicia	1980	0
Alicja	1980	6
Alida	1980	0
Alina	1980	22
Aline	1980	7
Alisa	1980	4
Alise	1980	0
Alma	1980	18
Alva	1980	0
Alvhild	1980	0
Alvilde	1980	0
Amal	1980	7
Amalia	1980	0
Amalie	1980	0
Amanda	1980	5
Amelia	1980	0
Amelie	1980	0
Amina	1980	18
Amira	1980	6
Amna	1980	0
Amy	1980	0
Ana	1980	48
Anastasia	1980	7
Anbjørg	1980	0
Andrea	1980	28
Andrine	1980	4
Ane	1980	60
Aneta	1980	19
Anett	1980	15
Anette	1980	306
Angela	1980	17
Angelica	1980	8
Angelika	1980	0
Angelina	1980	0
Anine	1980	6
Anisa	1980	4
Anita	1980	223
Anja	1980	101
Anlaug	1980	0
Ann	1980	244
Ann-Christin	1980	0
Ann-Helen	1980	16
Ann-Karin	1980	9
Ann-Kristin	1980	60
Ann-Mari	1980	5
Anna	1980	292
Annabelle	1980	0
Annbjørg	1980	5
Anne	1980	513
Anne-Berit	1980	0
Anne-Britt	1980	0
Anne-Grete	1980	0
Anne-Grethe	1980	0
Anne-Kari	1980	0
Anne-Karin	1980	0
Anne-Kristin	1980	0
Anne-Lene	1980	6
Anne-Lise	1980	15
Anne-Mari	1980	4
Anne-Marie	1980	5
Anne-Marit	1980	0
Anne-Mette	1980	5
Anne-Sofie	1980	0
Anneli	1980	11
Annelise	1980	0
Annette	1980	68
Anni	1980	0
Annie	1980	8
Annika	1980	24
Anniken	1980	40
Annlaug	1980	0
Anny	1980	0
Antonia	1980	5
Aria	1980	0
Ariana	1980	0
Ariel	1980	0
Arna	1980	0
Arnhild	1980	9
Arya	1980	0
Asbjørg	1980	0
Asha	1980	4
Aslaug	1980	10
Asma	1980	4
Asta	1980	11
Astri	1980	10
Astrid	1980	84
Aud	1980	14
Audhild	1980	5
Audny	1980	0
Aurora	1980	0
Ausra	1980	8
Ava	1980	0
Aya	1980	0
Ayan	1980	9
Ayla	1980	0
Aylin	1980	0
Ayse	1980	5
Azra	1980	0
Barbara	1980	30
Barbro	1980	12
Beata	1980	16
Beate	1980	108
Beathe	1980	20
Beatrice	1980	6
Belinda	1980	7
Bella	1980	0
Benedicte	1980	35
Benedikte	1980	25
Bente	1980	124
Benthe	1980	0
Bergljot	1980	0
Berit	1980	71
Bertha	1980	0
Bertine	1980	0
Betina	1980	0
Bettina	1980	8
Betty	1980	5
Bianca	1980	10
Birgit	1980	21
Birgitta	1980	0
Birgitte	1980	45
Birte	1980	11
Birthe	1980	17
Bjørg	1980	32
Bodil	1980	34
Borghild	1980	11
Borgny	1980	0
Bozena	1980	6
Brit	1980	21
Brita	1980	15
Brith	1980	0
Britt	1980	50
Brynhild	1980	4
Bushra	1980	0
Camilla	1980	489
Carina	1980	78
Carine	1980	0
Carla	1980	0
Carmen	1980	8
Carolina	1980	11
Caroline	1980	60
Cassandra	1980	0
Catharina	1980	0
Catherine	1980	18
Cathrin	1980	13
Cathrine	1980	225
Catrine	1980	14
Cecilia	1980	15
Cecilie	1980	262
Celia	1980	0
Celina	1980	5
Celine	1980	8
Cesilie	1980	7
Charlotte	1980	78
Christel	1980	17
Christiane	1980	7
Christin	1980	17
Christina	1980	105
Christine	1980	139
Cicilie	1980	10
Cindy	1980	7
Clara	1980	7
Claudia	1980	25
Connie	1980	13
Cornelia	1980	0
Cristina	1980	8
Dagmar	1980	0
Dagny	1980	0
Dagrun	1980	0
Daiva	1980	7
Dalia	1980	7
Dana	1980	5
Daniela	1980	14
Daniella	1980	0
Danuta	1980	4
Daria	1980	5
Deborah	1980	0
Desiree	1980	7
Diana	1980	51
Dina	1980	9
Dominika	1980	7
Doris	1980	0
Dorota	1980	15
Dorthe	1980	6
Dorthea	1980	0
Ea	1980	0
Ebba	1980	0
Edda	1980	0
Edel	1980	0
Eden	1980	10
Edit	1980	0
Edita	1980	5
Edith	1980	15
Edle	1980	5
Edna	1980	0
Edyta	1980	17
Egle	1980	8
Eileen	1980	12
Eilen	1980	0
Eilin	1980	0
Eir	1980	0
Eira	1980	0
Eiril	1980	0
Eirill	1980	0
Eirin	1980	46
Eivor	1980	5
Ekaterina	1980	12
Elbjørg	1980	0
Eldbjørg	1980	6
Eldrid	1980	4
Elea	1980	0
Eleah	1980	0
Elen	1980	0
Elena	1980	47
Elfrid	1980	0
Eli	1980	53
Eliana	1980	0
Elida	1980	0
Elin	1980	285
Elina	1980	6
Eline	1980	22
Elinor	1980	0
Elisa	1980	5
Elisabet	1980	15
Elisabeth	1980	399
Elise	1980	44
Eliza	1980	6
Elizabeth	1980	24
Ella	1980	0
Elle	1980	0
Ellen	1980	138
Ellie	1980	0
Ellinor	1980	8
Elly	1980	0
Elma	1980	0
Elna	1980	0
Elsa	1980	15
Else	1980	21
Else-Marie	1980	0
Elsie	1980	0
Elvira	1980	4
Elzbieta	1980	11
Ema	1980	0
Embla	1980	0
Emelie	1980	0
Emely	1980	0
Emilia	1980	9
Emilie	1980	9
Emilija	1980	0
Emily	1980	8
Emina	1980	0
Emine	1980	8
Emma	1980	23
Emmeli	1980	0
Emmeline	1980	0
Emmy	1980	0
Enya	1980	0
Erica	1980	8
Erika	1980	20
Erle	1980	0
Erna	1980	4
Ester	1980	6
Esther	1980	13
Eva	1980	165
Evelina	1980	0
Evelyn	1980	24
Evy	1980	31
Ewa	1980	35
Ewelina	1980	17
Fadumo	1980	11
Fanny	1980	0
Farah	1980	7
Fatemeh	1980	11
Fatima	1980	28
Fatma	1980	12
Felicia	1980	0
Filippa	1980	0
Fiona	1980	0
Fredrikke	1980	0
Freya	1980	0
Frid	1980	0
Frida	1980	19
Fride	1980	7
Frøya	1980	0
Frøydis	1980	26
Gabriela	1980	8
Gabriele	1980	0
Gabriella	1980	4
Gabrielle	1980	0
Galina	1980	4
Gerd	1980	17
Gerda	1980	0
Gina	1980	22
Gine	1980	0
Gintare	1980	5
Gitte	1980	5
Gjertrud	1980	10
Gloria	1980	5
Grace	1980	8
Grazyna	1980	0
Greta	1980	5
Grete	1980	44
Gretha	1980	0
Grethe	1980	37
Gro	1980	94
Gry	1980	62
Gudny	1980	0
Gudrun	1980	16
Gudveig	1980	0
Gun	1980	0
Gunda	1980	0
Gunhild	1980	32
Gunn	1980	80
Gunnbjørg	1980	4
Gunnhild	1980	31
Gunnlaug	1980	0
Gunnvor	1980	0
Gunvor	1980	6
Guri	1980	19
Guro	1980	101
Gyda	1980	0
Gøril	1980	26
Hafsa	1980	0
Hala	1980	0
Haldis	1980	0
Halima	1980	8
Halldis	1980	0
Hamdi	1980	0
Hana	1980	6
Hanan	1980	8
Hanna	1980	50
Hannah	1980	7
Hanne	1980	336
Harriet	1980	0
Hatice	1980	4
Hedda	1980	21
Hedvig	1980	4
Hege	1980	293
Heidi	1980	280
Helen	1980	39
Helena	1980	16
Helene	1980	144
Helga	1980	31
Helin	1980	0
Helle	1980	24
Hennie	1980	0
Henny	1980	0
Henriette	1980	103
Henrikke	1980	0
Herborg	1980	0
Herdis	1980	5
Hermine	1980	0
Hiba	1980	0
Hild	1980	0
Hilda	1980	0
Hilde	1980	366
Hildegunn	1980	31
Hildur	1980	0
Hjørdis	1980	0
Hodan	1980	5
Hong	1980	9
Huda	1980	5
Hulda	1980	0
Iben	1980	0
Ida	1980	157
Idun	1980	0
Idunn	1980	0
Ieva	1980	9
Ilona	1980	13
Iman	1980	8
Ina	1980	45
Ine	1980	8
Ines	1980	5
Inga	1980	57
Ingebjørg	1980	29
Ingeborg	1980	56
Ingelin	1980	7
Inger	1980	168
Inger-Johanne	1980	0
Inger-Lise	1980	13
Inger-Marie	1980	0
Ingerid	1980	8
Ingfrid	1980	4
Inghild	1980	9
Ingjerd	1980	16
Ingri	1980	0
Ingrid	1980	263
Ingrida	1980	9
Ingun	1980	5
Ingunn	1980	103
Ingvil	1980	4
Ingvild	1980	156
Ingvill	1980	19
Iqra	1980	0
Iren	1980	23
Irena	1980	12
Irene	1980	121
Irina	1980	36
Iris	1980	8
Irma	1980	9
Irmelin	1980	0
Iryna	1980	7
Isa	1980	0
Isabel	1980	5
Isabell	1980	6
Isabella	1980	0
Isabelle	1980	9
Iselin	1980	23
Ivana	1980	14
Iwona	1980	22
Izabela	1980	24
Jacqueline	1980	6
Jamila	1980	0
Jana	1980	14
Jane	1980	26
Janet	1980	9
Janicke	1980	17
Janita	1980	7
Janne	1980	172
Janniche	1980	10
Jannicke	1980	74
Jannike	1980	16
Jasmin	1980	0
Jasmina	1980	4
Jasmine	1980	0
Jeanett	1980	10
Jeanette	1980	118
Jelena	1980	27
Jenni	1980	0
Jennie	1980	0
Jennifer	1980	14
Jenny	1980	58
Jessica	1980	21
Jette	1980	0
Jill	1980	7
Joan	1980	7
Joanna	1980	47
Jofrid	1980	0
Johanna	1980	36
Johanne	1980	26
Jolanta	1980	16
Jorid	1980	9
Jorun	1980	8
Jorunn	1980	41
Josefine	1980	0
Josephine	1980	4
Judit	1980	0
Judith	1980	6
Julia	1980	32
Juliana	1980	0
Juliane	1980	0
Julianne	1980	9
Julie	1980	63
June	1980	66
Juni	1980	0
Jurgita	1980	31
Justyna	1980	21
Kaia	1980	15
Kaisa	1980	0
Kaja	1980	39
Kajsa	1980	5
Kamila	1980	11
Kamilla	1980	24
Karen	1980	77
Kari	1980	125
Kari-Anne	1980	9
Karianne	1980	73
Karin	1980	49
Karina	1980	74
Karine	1980	30
Karla	1980	7
Karolina	1980	30
Karoline	1980	57
Katarina	1980	22
Katarzyna	1980	84
Kate	1980	11
Katharina	1980	17
Kathe	1980	0
Katherine	1980	9
Kathinka	1980	0
Kathrin	1980	11
Kathrine	1980	139
Katinka	1980	5
Katja	1980	10
Katrin	1980	14
Katrina	1980	0
Katrine	1980	120
Kelly	1980	9
Kerstin	1980	0
Khadija	1980	9
Kim	1980	11
Kine	1980	94
Kinga	1980	13
Kira	1980	0
Kirsten	1980	29
Kirsti	1980	42
Kitty	1980	5
Kjellaug	1980	4
Kjellfrid	1980	0
Kjellrun	1980	0
Kjersti	1980	164
Kjerstin	1980	9
Klara	1980	5
Klaudia	1980	0
Kornelia	1980	0
Kristel	1980	6
Kristi	1980	6
Kristiane	1980	0
Kristin	1980	371
Kristina	1980	104
Kristine	1980	253
Krystyna	1980	0
Laila	1980	106
Lajla	1980	0
Lana	1980	7
Lara	1980	7
Larisa	1980	4
Laura	1980	48
Lea	1980	5
Leah	1980	0
Leikny	1980	0
Leila	1980	13
Lena	1980	213
Lene	1980	411
Leni	1980	0
Leona	1980	0
Leonora	1980	0
Leyla	1980	0
Liana	1980	0
Lidia	1980	0
Lilian	1980	0
Liliana	1980	10
Lilja	1980	0
Lill	1980	44
Lilli	1980	0
Lillian	1980	65
Lilly	1980	5
Lily	1980	0
Lin	1980	0
Lina	1980	63
Linda	1980	460
Lindis	1980	4
Line	1980	224
Linea	1980	0
Linn	1980	319
Linnea	1980	8
Lisa	1980	69
Lisbet	1980	5
Lisbeth	1980	49
Lise	1980	144
Liss	1980	8
Liv	1980	116
Liva	1980	0
Live	1980	17
Livia	1980	0
Liz	1980	0
Liza	1980	4
Lone	1980	17
Lotta	1980	0
Lotte	1980	6
Louise	1980	12
Lovise	1980	0
Lucia	1980	4
Lucy	1980	0
Luna	1980	0
Lydia	1980	6
Lykke	1980	0
Ma	1980	10
Madeleine	1980	0
Madelen	1980	0
Madelene	1980	0
Magda	1980	0
Magdalena	1980	81
Magna	1980	0
Magnhild	1980	18
Magni	1980	0
Magny	1980	4
Mai	1980	12
Mai-Britt	1980	0
Maia	1980	0
Maiken	1980	21
Maj	1980	4
Maja	1980	44
Malak	1980	0
Malena	1980	0
Malene	1980	6
Malgorzata	1980	43
Mali	1980	4
Malika	1980	0
Malin	1980	39
Maren	1980	72
Margaret	1980	6
Margareth	1980	0
Margarita	1980	6
Margit	1980	10
Margot	1980	4
Margrete	1980	21
Margrethe	1980	38
Margun	1980	0
Margunn	1980	7
Mari	1980	170
Mari-Ann	1980	4
Maria	1980	416
Mariam	1980	15
Marian	1980	15
Mariana	1980	9
Mariann	1980	83
Marianne	1980	461
Marie	1980	128
Mariel	1980	0
Mariell	1980	5
Marielle	1980	0
Marija	1980	19
Marina	1980	29
Marion	1980	23
Marit	1980	211
Marita	1980	119
Marlen	1980	8
Marlene	1980	9
Marry	1980	0
Marta	1980	47
Marte	1980	172
Martha	1980	16
Marthe	1980	98
Marthine	1980	0
Martina	1980	15
Martine	1980	30
Martyna	1980	0
Marwa	1980	0
Mary	1980	32
Mary-Ann	1980	0
Maryam	1980	19
Maryan	1980	7
Marzena	1980	9
Mathea	1980	0
Mathilda	1980	0
Mathilde	1980	5
Matilda	1980	0
Matilde	1980	0
Maud	1980	0
May	1980	125
May-Britt	1980	18
May-Liss	1980	0
Maya	1980	7
Maylen	1980	5
Medina	1980	0
Melanie	1980	11
Melina	1980	0
Melinda	1980	4
Melissa	1980	12
Merete	1980	95
Merethe	1980	65
Mette	1980	123
Mia	1980	23
Michaela	1980	8
Michelle	1980	16
Mie	1980	0
Mila	1980	0
Mildrid	1980	0
Milena	1980	13
Milla	1980	0
Mille	1980	0
Mina	1980	13
Mira	1980	4
Miranda	1980	0
Miriam	1980	31
Mirjam	1980	16
Molly	1980	0
Mona	1980	176
Monica	1980	339
Monika	1980	139
Muna	1980	4
My	1980	0
Møyfrid	1980	6
Målfrid	1980	5
Nada	1980	0
Nadia	1980	40
Nadine	1980	8
Nadja	1980	8
Naima	1980	12
Najma	1980	0
Nancy	1980	13
Nanna	1980	7
Naomi	1980	0
Natalia	1980	36
Natalie	1980	12
Natasha	1980	0
Nathalie	1980	12
Nellie	1980	0
Nelly	1980	4
Ngoc	1980	9
Nicole	1980	18
Nicoline	1980	0
Nikola	1980	0
Nikoline	1980	0
Nina	1980	343
Ninni	1980	0
Noor	1980	0
Nora	1980	32
Norah	1980	0
Norma	1980	0
Norunn	1980	7
Nour	1980	0
Nova	1980	0
Oda	1980	6
Oddbjørg	1980	0
Oddlaug	1980	0
Oddny	1980	5
Oddrun	1980	10
Oddveig	1980	0
Oksana	1980	16
Olaug	1980	7
Olava	1980	0
Olea	1980	0
Olena	1980	20
Olga	1980	54
Oline	1980	0
Olivia	1980	0
Oliwia	1980	0
Othelie	1980	0
Othilie	1980	0
Otilie	1980	0
Patricia	1980	12
Patrycja	1980	12
Paula	1980	5
Paulina	1980	12
Pauline	1980	4
Peggy	1980	0
Pernille	1980	12
Petra	1980	8
Phuong	1980	5
Pia	1980	42
Rabia	1980	5
Rachel	1980	13
Ragna	1980	5
Ragne	1980	4
Ragnhild	1980	160
Ragni	1980	0
Rahel	1980	4
Rahma	1980	6
Rakel	1980	12
Ramona	1980	12
Rana	1980	4
Randi	1980	110
Rania	1980	7
Rannveig	1980	27
Ranveig	1980	12
Rasa	1980	21
Rebecca	1980	28
Rebecka	1980	0
Rebekka	1980	15
Regina	1980	12
Regine	1980	6
Reidun	1980	21
Reidunn	1980	0
Renata	1980	31
Renate	1980	156
Renathe	1980	10
Renee	1980	5
Rigmor	1980	11
Rikke	1980	21
Rina	1980	6
Rita	1980	74
Ronja	1980	0
Rosa	1980	6
Rose	1980	6
Runa	1980	14
Rut	1980	6
Ruta	1980	9
Ruth	1980	42
Rønnaug	1980	0
Saba	1980	6
Sabina	1980	8
Sabine	1980	0
Sabrina	1980	13
Sadia	1980	14
Safia	1980	5
Saga	1980	0
Sahar	1980	4
Sahra	1980	10
Saima	1980	15
Salma	1980	6
Samantha	1980	0
Samira	1980	12
Sana	1980	0
Sandra	1980	66
Sanja	1980	8
Sanna	1980	4
Sanne	1980	0
Sara	1980	95
Sarah	1980	32
Savannah	1980	0
Selam	1980	6
Selina	1980	0
Seline	1980	0
Selma	1980	9
Senait	1980	13
Serina	1980	0
Serine	1980	0
Sharon	1980	12
Sheila	1980	4
Shirin	1980	9
Sidra	1980	0
Sidsel	1980	5
Sienna	1980	0
Sigfrid	1980	0
Signe	1980	36
Signy	1980	0
Sigrid	1980	68
Sigrun	1980	23
Sigrunn	1980	5
Siham	1980	6
Silja	1980	10
Silje	1980	389
Silvia	1980	24
Simona	1980	10
Simone	1980	0
Sina	1980	0
Sine	1980	0
Siren	1980	15
Siri	1980	180
Siril	1980	5
Sissel	1980	63
Siv	1980	161
Siw	1980	38
Snefrid	1980	0
Sofia	1980	15
Sofie	1980	7
Sofija	1980	0
Sol	1980	0
Solbjørg	1980	9
Solfrid	1980	31
Solgunn	1980	0
Solrun	1980	6
Solveig	1980	97
Solvor	1980	5
Solvår	1980	0
Sonia	1980	9
Sonja	1980	27
Sophia	1980	0
Sophie	1980	0
Stella	1980	0
Stephanie	1980	0
Stina	1980	31
Stine	1980	273
Sumaya	1980	0
Sunniva	1980	30
Susan	1980	12
Susann	1980	10
Susanna	1980	4
Susanne	1980	77
Suzanne	1980	10
Svanhild	1980	12
Svetlana	1980	15
Sylvi	1980	9
Sylvia	1980	35
Sylwia	1980	28
Synne	1980	21
Synnøve	1980	61
Synøve	1980	6
Sølvi	1980	46
Tale	1980	4
Tamara	1980	6
Tanja	1980	27
Tanya	1980	11
Tara	1980	0
Tatiana	1980	17
Tatjana	1980	10
Tea	1980	5
Teresa	1980	5
Terese	1980	16
Thale	1980	0
Thanh	1980	4
Thea	1980	21
Thelma	1980	0
Theresa	1980	9
Therese	1980	192
Thi	1980	33
Thilde	1980	0
Thora	1980	0
Thu	1980	5
Thuy	1980	10
Tia	1980	0
Tilde	1980	0
Tilla	1980	0
Tina	1980	86
Tine	1980	35
Tiril	1980	6
Tirill	1980	0
Tomine	1980	0
Tone	1980	255
Tonje	1980	164
Tora	1980	8
Torbjørg	1980	0
Tordis	1980	6
Torgunn	1980	0
Torhild	1980	13
Toril	1980	20
Torild	1980	5
Torill	1980	45
Torun	1980	0
Torunn	1980	52
Tove	1980	82
Trine	1980	184
Trine-Lise	1980	5
Trude	1980	103
Turi	1980	4
Turid	1980	26
Tuva	1980	12
Tyra	1980	0
Ulla	1980	5
Ulrikke	1980	0
Una	1980	7
Une	1980	0
Unn	1980	11
Unni	1980	23
Urszula	1980	10
Vaida	1980	8
Valborg	1980	4
Valentina	1980	9
Valeria	1980	0
Vanessa	1980	13
Vanja	1980	17
Venche	1980	0
Venke	1980	0
Vera	1980	19
Veronica	1980	154
Veronika	1980	43
Veslemøy	1980	11
Vibecke	1980	5
Vibeke	1980	136
Victoria	1980	22
Vida	1980	4
Vigdis	1980	19
Viktoria	1980	12
Viktorija	1980	5
Vilde	1980	7
Vilja	1980	0
Vilje	1980	0
Vilma	1980	12
Viola	1980	0
Violeta	1980	9
Vivi	1980	8
Vivian	1980	28
Vår	1980	0
Vårin	1980	0
Wanja	1980	4
Wenche	1980	86
Wendy	1980	9
Wenke	1980	0
Weronika	1980	4
Wigdis	1980	0
Wiktoria	1980	0
Wilma	1980	0
Yasmin	1980	12
Ylva	1980	6
Yngvild	1980	14
Yvonne	1980	57
Zahra	1980	10
Zainab	1980	6
Zara	1980	0
Zeinab	1980	0
Zoe	1980	0
Zofia	1980	4
Zuzanna	1980	0
Ågot	1980	0
Åsa	1980	9
Åse	1980	54
Åshild	1980	51
Åslaug	1980	5
Åsne	1980	8
Åsta	1980	0
Aagot	1990	0
Aase	1990	6
Aashild	1990	0
Aasta	1990	0
Abigail	1990	4
Ada	1990	10
Adele	1990	7
Adelen	1990	0
Adelina	1990	9
Adriana	1990	7
Agata	1990	21
Agathe	1990	0
Agne	1990	20
Agnes	1990	16
Agnete	1990	11
Agnethe	1990	12
Agnieszka	1990	48
Aida	1990	12
Aileen	1990	6
Ailin	1990	16
Aina	1990	62
Aisha	1990	15
Alba	1990	6
Aleksandra	1990	60
Alette	1990	0
Alexandra	1990	61
Alfhild	1990	0
Alice	1990	27
Alicia	1990	6
Alicja	1990	9
Alida	1990	0
Alina	1990	26
Aline	1990	7
Alisa	1990	4
Alise	1990	6
Alma	1990	0
Alva	1990	0
Alvhild	1990	0
Alvilde	1990	0
Amal	1990	9
Amalia	1990	0
Amalie	1990	29
Amanda	1990	66
Amelia	1990	0
Amelie	1990	0
Amina	1990	19
Amira	1990	5
Amna	1990	11
Amy	1990	6
Ana	1990	30
Anastasia	1990	15
Anbjørg	1990	0
Andrea	1990	196
Andrine	1990	4
Ane	1990	106
Aneta	1990	13
Anett	1990	5
Anette	1990	250
Angela	1990	14
Angelica	1990	9
Angelika	1990	11
Angelina	1990	0
Anine	1990	17
Anisa	1990	0
Anita	1990	115
Anja	1990	84
Anlaug	1990	0
Ann	1990	150
Ann-Christin	1990	0
Ann-Helen	1990	6
Ann-Karin	1990	0
Ann-Kristin	1990	27
Ann-Mari	1990	0
Anna	1990	271
Annabelle	1990	0
Annbjørg	1990	6
Anne	1990	331
Anne-Berit	1990	0
Anne-Britt	1990	0
Anne-Grete	1990	0
Anne-Grethe	1990	0
Anne-Kari	1990	0
Anne-Karin	1990	0
Anne-Kristin	1990	0
Anne-Lene	1990	4
Anne-Lise	1990	5
Anne-Mari	1990	4
Anne-Marie	1990	4
Anne-Marit	1990	0
Anne-Mette	1990	5
Anne-Sofie	1990	7
Anneli	1990	10
Annelise	1990	6
Annette	1990	40
Anni	1990	0
Annie	1990	8
Annika	1990	22
Anniken	1990	103
Annlaug	1990	0
Anny	1990	0
Antonia	1990	0
Aria	1990	0
Ariana	1990	4
Ariel	1990	0
Arna	1990	0
Arnhild	1990	0
Arya	1990	0
Asbjørg	1990	0
Asha	1990	4
Aslaug	1990	0
Asma	1990	6
Asta	1990	8
Astri	1990	10
Astrid	1990	80
Aud	1990	6
Audhild	1990	0
Audny	1990	0
Aurora	1990	23
Ausra	1990	9
Ava	1990	0
Aya	1990	0
Ayan	1990	9
Ayla	1990	0
Aylin	1990	0
Ayse	1990	4
Azra	1990	4
Barbara	1990	9
Barbro	1990	7
Beata	1990	13
Beate	1990	56
Beathe	1990	9
Beatrice	1990	11
Belinda	1990	8
Bella	1990	0
Benedicte	1990	137
Benedikte	1990	48
Bente	1990	34
Benthe	1990	0
Bergljot	1990	0
Berit	1990	27
Bertha	1990	0
Bertine	1990	0
Betina	1990	9
Bettina	1990	29
Betty	1990	0
Bianca	1990	4
Birgit	1990	15
Birgitta	1990	0
Birgitte	1990	99
Birte	1990	5
Birthe	1990	9
Bjørg	1990	13
Bodil	1990	7
Borghild	1990	5
Borgny	1990	0
Bozena	1990	0
Brit	1990	8
Brita	1990	17
Brith	1990	0
Britt	1990	17
Brynhild	1990	0
Bushra	1990	6
Camilla	1990	518
Carina	1990	105
Carine	1990	13
Carla	1990	8
Carmen	1990	8
Carolina	1990	11
Caroline	1990	292
Cassandra	1990	14
Catharina	1990	21
Catherine	1990	8
Cathrin	1990	10
Cathrine	1990	209
Catrine	1990	21
Cecilia	1990	16
Cecilie	1990	206
Celia	1990	0
Celina	1990	5
Celine	1990	20
Cesilie	1990	6
Charlotte	1990	326
Christel	1990	16
Christiane	1990	7
Christin	1990	11
Christina	1990	210
Christine	1990	206
Cicilie	1990	9
Cindy	1990	7
Clara	1990	4
Claudia	1990	6
Connie	1990	23
Cornelia	1990	12
Cristina	1990	12
Dagmar	1990	0
Dagny	1990	0
Dagrun	1990	0
Daiva	1990	0
Dalia	1990	0
Dana	1990	7
Daniela	1990	12
Daniella	1990	0
Danuta	1990	0
Daria	1990	20
Deborah	1990	0
Desiree	1990	5
Diana	1990	33
Dina	1990	18
Dominika	1990	12
Doris	1990	0
Dorota	1990	15
Dorthe	1990	0
Dorthea	1990	0
Ea	1990	0
Ebba	1990	0
Edda	1990	0
Edel	1990	7
Eden	1990	8
Edit	1990	0
Edita	1990	10
Edith	1990	0
Edle	1990	0
Edna	1990	0
Edyta	1990	9
Egle	1990	24
Eileen	1990	12
Eilen	1990	4
Eilin	1990	0
Eir	1990	0
Eira	1990	0
Eiril	1990	0
Eirill	1990	0
Eirin	1990	63
Eivor	1990	4
Ekaterina	1990	9
Elbjørg	1990	0
Eldbjørg	1990	0
Eldrid	1990	0
Elea	1990	0
Eleah	1990	0
Elen	1990	9
Elena	1990	23
Elfrid	1990	0
Eli	1990	36
Eliana	1990	0
Elida	1990	0
Elin	1990	122
Elina	1990	15
Eline	1990	76
Elinor	1990	0
Elisa	1990	14
Elisabet	1990	10
Elisabeth	1990	265
Elise	1990	167
Eliza	1990	0
Elizabeth	1990	18
Ella	1990	11
Elle	1990	0
Ellen	1990	96
Ellie	1990	0
Ellinor	1990	12
Elly	1990	0
Elma	1990	0
Elna	1990	0
Elsa	1990	8
Else	1990	12
Else-Marie	1990	0
Elsie	1990	0
Elvira	1990	0
Elzbieta	1990	5
Ema	1990	0
Embla	1990	0
Emelie	1990	14
Emely	1990	0
Emilia	1990	11
Emilie	1990	122
Emilija	1990	0
Emily	1990	26
Emina	1990	4
Emine	1990	0
Emma	1990	75
Emmeli	1990	0
Emmeline	1990	0
Emmy	1990	0
Enya	1990	0
Erica	1990	17
Erika	1990	22
Erle	1990	12
Erna	1990	5
Ester	1990	4
Esther	1990	8
Eva	1990	70
Evelina	1990	10
Evelyn	1990	18
Evy	1990	7
Ewa	1990	15
Ewelina	1990	16
Fadumo	1990	12
Fanny	1990	29
Farah	1990	7
Fatemeh	1990	0
Fatima	1990	31
Fatma	1990	13
Felicia	1990	6
Filippa	1990	0
Fiona	1990	0
Fredrikke	1990	0
Freya	1990	0
Frid	1990	0
Frida	1990	71
Fride	1990	6
Frøya	1990	0
Frøydis	1990	4
Gabriela	1990	6
Gabriele	1990	0
Gabriella	1990	4
Gabrielle	1990	5
Galina	1990	0
Gerd	1990	7
Gerda	1990	0
Gina	1990	46
Gine	1990	0
Gintare	1990	11
Gitte	1990	11
Gjertrud	1990	7
Gloria	1990	5
Grace	1990	7
Grazyna	1990	0
Greta	1990	16
Grete	1990	19
Gretha	1990	0
Grethe	1990	14
Gro	1990	30
Gry	1990	20
Gudny	1990	0
Gudrun	1990	7
Gudveig	1990	0
Gun	1990	0
Gunda	1990	0
Gunhild	1990	17
Gunn	1990	24
Gunnbjørg	1990	0
Gunnhild	1990	8
Gunnlaug	1990	0
Gunnvor	1990	0
Gunvor	1990	4
Guri	1990	14
Guro	1990	113
Gyda	1990	8
Gøril	1990	6
Hafsa	1990	0
Hala	1990	0
Haldis	1990	0
Halima	1990	0
Halldis	1990	0
Hamdi	1990	9
Hana	1990	0
Hanan	1990	8
Hanna	1990	119
Hannah	1990	40
Hanne	1990	321
Harriet	1990	0
Hatice	1990	0
Hedda	1990	45
Hedvig	1990	5
Hege	1990	175
Heidi	1990	173
Helen	1990	37
Helena	1990	29
Helene	1990	285
Helga	1990	19
Helin	1990	0
Helle	1990	58
Hennie	1990	0
Henny	1990	5
Henriette	1990	177
Henrikke	1990	20
Herborg	1990	0
Herdis	1990	0
Hermine	1990	0
Hiba	1990	7
Hild	1990	4
Hilda	1990	0
Hilde	1990	141
Hildegunn	1990	13
Hildur	1990	0
Hjørdis	1990	0
Hodan	1990	0
Hong	1990	5
Huda	1990	0
Hulda	1990	5
Iben	1990	5
Ida	1990	732
Idun	1990	8
Idunn	1990	9
Ieva	1990	19
Ilona	1990	14
Iman	1990	14
Ina	1990	111
Ine	1990	64
Ines	1990	10
Inga	1990	56
Ingebjørg	1990	14
Ingeborg	1990	70
Ingelin	1990	14
Inger	1990	88
Inger-Johanne	1990	0
Inger-Lise	1990	13
Inger-Marie	1990	0
Ingerid	1990	9
Ingfrid	1990	0
Inghild	1990	0
Ingjerd	1990	5
Ingri	1990	10
Ingrid	1990	350
Ingrida	1990	15
Ingun	1990	0
Ingunn	1990	43
Ingvil	1990	5
Ingvild	1990	150
Ingvill	1990	22
Iqra	1990	10
Iren	1990	6
Irena	1990	4
Irene	1990	53
Irina	1990	15
Iris	1990	28
Irma	1990	11
Irmelin	1990	18
Iryna	1990	6
Isa	1990	5
Isabel	1990	39
Isabell	1990	30
Isabella	1990	11
Isabelle	1990	32
Iselin	1990	134
Ivana	1990	18
Iwona	1990	9
Izabela	1990	8
Jacqueline	1990	7
Jamila	1990	4
Jana	1990	13
Jane	1990	24
Janet	1990	0
Janicke	1990	6
Janita	1990	12
Janne	1990	84
Janniche	1990	0
Jannicke	1990	49
Jannike	1990	22
Jasmin	1990	9
Jasmina	1990	7
Jasmine	1990	0
Jeanett	1990	47
Jeanette	1990	115
Jelena	1990	20
Jenni	1990	7
Jennie	1990	4
Jennifer	1990	21
Jenny	1990	78
Jessica	1990	42
Jette	1990	0
Jill	1990	9
Joan	1990	0
Joanna	1990	49
Jofrid	1990	0
Johanna	1990	36
Johanne	1990	73
Jolanta	1990	7
Jorid	1990	5
Jorun	1990	7
Jorunn	1990	9
Josefine	1990	22
Josephine	1990	5
Judit	1990	0
Judith	1990	6
Julia	1990	64
Juliana	1990	5
Juliane	1990	10
Julianne	1990	11
Julie	1990	265
June	1990	74
Juni	1990	9
Jurgita	1990	0
Justyna	1990	30
Kaia	1990	28
Kaisa	1990	14
Kaja	1990	92
Kajsa	1990	6
Kamila	1990	11
Kamilla	1990	85
Karen	1990	83
Kari	1990	66
Kari-Anne	1990	4
Karianne	1990	64
Karin	1990	27
Karina	1990	109
Karine	1990	32
Karla	1990	7
Karolina	1990	49
Karoline	1990	404
Katarina	1990	33
Katarzyna	1990	71
Kate	1990	9
Katharina	1990	27
Kathe	1990	0
Katherine	1990	6
Kathinka	1990	9
Kathrin	1990	4
Kathrine	1990	79
Katinka	1990	18
Katja	1990	16
Katrin	1990	17
Katrina	1990	6
Katrine	1990	168
Kelly	1990	0
Kerstin	1990	0
Khadija	1990	7
Kim	1990	21
Kine	1990	163
Kinga	1990	9
Kira	1990	4
Kirsten	1990	8
Kirsti	1990	17
Kitty	1990	0
Kjellaug	1990	0
Kjellfrid	1990	0
Kjellrun	1990	0
Kjersti	1990	91
Kjerstin	1990	6
Klara	1990	6
Klaudia	1990	22
Kornelia	1990	0
Kristel	1990	0
Kristi	1990	7
Kristiane	1990	12
Kristin	1990	231
Kristina	1990	225
Kristine	1990	409
Krystyna	1990	0
Laila	1990	25
Lajla	1990	0
Lana	1990	4
Lara	1990	5
Larisa	1990	0
Laura	1990	25
Lea	1990	7
Leah	1990	5
Leikny	1990	0
Leila	1990	10
Lena	1990	141
Lene	1990	215
Leni	1990	0
Leona	1990	0
Leonora	1990	0
Leyla	1990	5
Liana	1990	4
Lidia	1990	5
Lilian	1990	0
Liliana	1990	0
Lilja	1990	7
Lill	1990	25
Lilli	1990	0
Lillian	1990	26
Lilly	1990	6
Lily	1990	0
Lin	1990	0
Lina	1990	57
Linda	1990	242
Lindis	1990	0
Line	1990	284
Linea	1990	0
Linn	1990	372
Linnea	1990	20
Lisa	1990	156
Lisbet	1990	4
Lisbeth	1990	30
Lise	1990	152
Liss	1990	0
Liv	1990	60
Liva	1990	5
Live	1990	27
Livia	1990	0
Liz	1990	0
Liza	1990	5
Lone	1990	23
Lotta	1990	0
Lotte	1990	37
Louise	1990	32
Lovise	1990	18
Lucia	1990	6
Lucy	1990	4
Luna	1990	4
Lydia	1990	8
Lykke	1990	0
Ma	1990	10
Madeleine	1990	94
Madelen	1990	33
Madelene	1990	7
Magda	1990	4
Magdalena	1990	77
Magna	1990	0
Magnhild	1990	9
Magni	1990	0
Magny	1990	0
Mai	1990	17
Mai-Britt	1990	0
Maia	1990	8
Maiken	1990	82
Maj	1990	10
Maja	1990	76
Malak	1990	0
Malena	1990	0
Malene	1990	103
Malgorzata	1990	22
Mali	1990	10
Malika	1990	4
Malin	1990	317
Maren	1990	187
Margaret	1990	7
Margareth	1990	0
Margarita	1990	12
Margit	1990	4
Margot	1990	0
Margrete	1990	18
Margrethe	1990	42
Margun	1990	0
Margunn	1990	0
Mari	1990	289
Mari-Ann	1990	0
Maria	1990	493
Mariam	1990	21
Marian	1990	0
Mariana	1990	8
Mariann	1990	44
Marianne	1990	239
Marie	1990	258
Mariel	1990	14
Mariell	1990	45
Marielle	1990	37
Marija	1990	10
Marina	1990	33
Marion	1990	30
Marit	1990	120
Marita	1990	225
Marlen	1990	31
Marlene	1990	56
Marry	1990	0
Marta	1990	65
Marte	1990	380
Martha	1990	28
Marthe	1990	260
Marthine	1990	6
Martina	1990	19
Martine	1990	262
Martyna	1990	12
Marwa	1990	12
Mary	1990	31
Mary-Ann	1990	0
Maryam	1990	19
Maryan	1990	8
Marzena	1990	5
Mathea	1990	0
Mathilda	1990	0
Mathilde	1990	69
Matilda	1990	0
Matilde	1990	7
Maud	1990	7
May	1990	64
May-Britt	1990	6
May-Liss	1990	0
Maya	1990	17
Maylen	1990	11
Medina	1990	0
Melanie	1990	8
Melina	1990	7
Melinda	1990	4
Melissa	1990	26
Merete	1990	39
Merethe	1990	23
Mette	1990	88
Mia	1990	125
Michaela	1990	5
Michelle	1990	70
Mie	1990	5
Mila	1990	0
Mildrid	1990	4
Milena	1990	17
Milla	1990	0
Mille	1990	0
Mina	1990	43
Mira	1990	13
Miranda	1990	6
Miriam	1990	105
Mirjam	1990	5
Molly	1990	0
Mona	1990	103
Monica	1990	141
Monika	1990	93
Muna	1990	19
My	1990	5
Møyfrid	1990	0
Målfrid	1990	0
Nada	1990	8
Nadia	1990	27
Nadine	1990	9
Nadja	1990	11
Naima	1990	5
Najma	1990	0
Nancy	1990	8
Nanna	1990	0
Naomi	1990	5
Natalia	1990	51
Natalie	1990	64
Natasha	1990	11
Nathalie	1990	38
Nellie	1990	0
Nelly	1990	0
Ngoc	1990	8
Nicole	1990	13
Nicoline	1990	10
Nikola	1990	4
Nikoline	1990	0
Nina	1990	221
Ninni	1990	0
Noor	1990	8
Nora	1990	75
Norah	1990	0
Norma	1990	0
Norunn	1990	0
Nour	1990	4
Nova	1990	0
Oda	1990	156
Oddbjørg	1990	0
Oddlaug	1990	0
Oddny	1990	0
Oddrun	1990	0
Oddveig	1990	0
Oksana	1990	0
Olaug	1990	6
Olava	1990	0
Olea	1990	0
Olena	1990	0
Olga	1990	29
Oline	1990	4
Olivia	1990	0
Oliwia	1990	0
Othelie	1990	0
Othilie	1990	0
Otilie	1990	0
Patricia	1990	12
Patrycja	1990	28
Paula	1990	17
Paulina	1990	57
Pauline	1990	4
Peggy	1990	0
Pernille	1990	95
Petra	1990	5
Phuong	1990	5
Pia	1990	83
Rabia	1990	7
Rachel	1990	16
Ragna	1990	7
Ragne	1990	4
Ragnhild	1990	100
Ragni	1990	0
Rahel	1990	10
Rahma	1990	4
Rakel	1990	17
Ramona	1990	18
Rana	1990	4
Randi	1990	40
Rania	1990	0
Rannveig	1990	9
Ranveig	1990	6
Rasa	1990	10
Rebecca	1990	73
Rebecka	1990	9
Rebekka	1990	49
Regina	1990	6
Regine	1990	20
Reidun	1990	11
Reidunn	1990	0
Renata	1990	10
Renate	1990	128
Renathe	1990	8
Renee	1990	9
Rigmor	1990	0
Rikke	1990	73
Rina	1990	8
Rita	1990	30
Ronja	1990	34
Rosa	1990	4
Rose	1990	6
Runa	1990	21
Rut	1990	4
Ruta	1990	19
Ruth	1990	21
Rønnaug	1990	0
Saba	1990	8
Sabina	1990	17
Sabine	1990	0
Sabrina	1990	18
Sadia	1990	11
Safia	1990	0
Saga	1990	0
Sahar	1990	0
Sahra	1990	5
Saima	1990	6
Salma	1990	8
Samantha	1990	9
Samira	1990	12
Sana	1990	8
Sandra	1990	276
Sanja	1990	7
Sanna	1990	11
Sanne	1990	5
Sara	1990	219
Sarah	1990	83
Savannah	1990	0
Selam	1990	7
Selina	1990	4
Seline	1990	0
Selma	1990	10
Senait	1990	8
Serina	1990	4
Serine	1990	4
Sharon	1990	0
Sheila	1990	7
Shirin	1990	7
Sidra	1990	0
Sidsel	1990	0
Sienna	1990	0
Sigfrid	1990	0
Signe	1990	31
Signy	1990	0
Sigrid	1990	69
Sigrun	1990	7
Sigrunn	1990	0
Siham	1990	0
Silja	1990	6
Silje	1990	636
Silvia	1990	8
Simona	1990	26
Simone	1990	12
Sina	1990	10
Sine	1990	0
Siren	1990	17
Siri	1990	165
Siril	1990	13
Sissel	1990	21
Siv	1990	42
Siw	1990	18
Snefrid	1990	0
Sofia	1990	27
Sofie	1990	62
Sofija	1990	0
Sol	1990	14
Solbjørg	1990	0
Solfrid	1990	17
Solgunn	1990	0
Solrun	1990	4
Solveig	1990	90
Solvor	1990	0
Solvår	1990	0
Sonia	1990	9
Sonja	1990	16
Sophia	1990	6
Sophie	1990	26
Stella	1990	0
Stephanie	1990	29
Stina	1990	34
Stine	1990	487
Sumaya	1990	0
Sunniva	1990	75
Susan	1990	11
Susann	1990	17
Susanna	1990	8
Susanne	1990	149
Suzanne	1990	15
Svanhild	1990	4
Svetlana	1990	8
Sylvi	1990	0
Sylvia	1990	12
Sylwia	1990	35
Synne	1990	56
Synnøve	1990	56
Synøve	1990	4
Sølvi	1990	11
Tale	1990	9
Tamara	1990	8
Tanja	1990	20
Tanya	1990	4
Tara	1990	13
Tatiana	1990	12
Tatjana	1990	6
Tea	1990	5
Teresa	1990	0
Terese	1990	25
Thale	1990	9
Thanh	1990	0
Thea	1990	187
Thelma	1990	0
Theresa	1990	4
Therese	1990	240
Thi	1990	45
Thilde	1990	0
Thora	1990	0
Thu	1990	7
Thuy	1990	9
Tia	1990	0
Tilde	1990	0
Tilla	1990	4
Tina	1990	243
Tine	1990	109
Tiril	1990	25
Tirill	1990	0
Tomine	1990	0
Tone	1990	110
Tonje	1990	283
Tora	1990	17
Torbjørg	1990	0
Tordis	1990	0
Torgunn	1990	0
Torhild	1990	6
Toril	1990	7
Torild	1990	0
Torill	1990	10
Torun	1990	4
Torunn	1990	19
Tove	1990	28
Trine	1990	175
Trine-Lise	1990	5
Trude	1990	59
Turi	1990	0
Turid	1990	13
Tuva	1990	22
Tyra	1990	0
Ulla	1990	0
Ulrikke	1990	27
Una	1990	6
Une	1990	0
Unn	1990	5
Unni	1990	7
Urszula	1990	0
Vaida	1990	12
Valborg	1990	0
Valentina	1990	6
Valeria	1990	0
Vanessa	1990	24
Vanja	1990	23
Venche	1990	0
Venke	1990	0
Vera	1990	9
Veronica	1990	170
Veronika	1990	49
Veslemøy	1990	6
Vibecke	1990	0
Vibeke	1990	44
Victoria	1990	129
Vida	1990	0
Vigdis	1990	0
Viktoria	1990	24
Viktorija	1990	12
Vilde	1990	72
Vilja	1990	0
Vilje	1990	0
Vilma	1990	4
Viola	1990	9
Violeta	1990	0
Vivi	1990	4
Vivian	1990	19
Vår	1990	0
Vårin	1990	0
Wanja	1990	0
Wenche	1990	19
Wendy	1990	6
Wenke	1990	0
Weronika	1990	10
Wigdis	1990	0
Wiktoria	1990	0
Wilma	1990	0
Yasmin	1990	10
Ylva	1990	15
Yngvild	1990	9
Yvonne	1990	44
Zahra	1990	20
Zainab	1990	5
Zara	1990	5
Zeinab	1990	4
Zoe	1990	0
Zofia	1990	0
Zuzanna	1990	5
Ågot	1990	0
Åsa	1990	7
Åse	1990	29
Åshild	1990	36
Åslaug	1990	0
Åsne	1990	13
Åsta	1990	5
Aagot	2000	0
Aase	2000	7
Aashild	2000	0
Aasta	2000	0
Abigail	2000	5
Ada	2000	37
Adele	2000	11
Adelen	2000	0
Adelina	2000	0
Adriana	2000	6
Agata	2000	4
Agathe	2000	6
Agne	2000	0
Agnes	2000	31
Agnete	2000	7
Agnethe	2000	0
Agnieszka	2000	0
Aida	2000	9
Aileen	2000	0
Ailin	2000	11
Aina	2000	24
Aisha	2000	22
Alba	2000	7
Aleksandra	2000	28
Alette	2000	9
Alexandra	2000	72
Alfhild	2000	0
Alice	2000	25
Alicia	2000	0
Alicja	2000	0
Alida	2000	16
Alina	2000	16
Aline	2000	0
Alisa	2000	7
Alise	2000	11
Alma	2000	10
Alva	2000	18
Alvhild	2000	0
Alvilde	2000	11
Amal	2000	13
Amalia	2000	0
Amalie	2000	314
Amanda	2000	115
Amelia	2000	10
Amelie	2000	0
Amina	2000	19
Amira	2000	4
Amna	2000	0
Amy	2000	11
Ana	2000	17
Anastasia	2000	12
Anbjørg	2000	0
Andrea	2000	325
Andrine	2000	154
Ane	2000	110
Aneta	2000	0
Anett	2000	0
Anette	2000	68
Angela	2000	9
Angelica	2000	21
Angelika	2000	8
Angelina	2000	5
Anine	2000	37
Anisa	2000	0
Anita	2000	30
Anja	2000	45
Anlaug	2000	0
Ann	2000	37
Ann-Christin	2000	0
Ann-Helen	2000	0
Ann-Karin	2000	0
Ann-Kristin	2000	0
Ann-Mari	2000	0
Anna	2000	387
Annabelle	2000	0
Annbjørg	2000	6
Anne	2000	164
Anne-Berit	2000	0
Anne-Britt	2000	0
Anne-Grete	2000	0
Anne-Grethe	2000	0
Anne-Kari	2000	0
Anne-Karin	2000	0
Anne-Kristin	2000	0
Anne-Lene	2000	0
Anne-Lise	2000	0
Anne-Mari	2000	0
Anne-Marie	2000	4
Anne-Marit	2000	0
Anne-Mette	2000	0
Anne-Sofie	2000	6
Anneli	2000	12
Annelise	2000	0
Annette	2000	15
Anni	2000	0
Annie	2000	17
Annika	2000	27
Anniken	2000	69
Annlaug	2000	0
Anny	2000	0
Antonia	2000	4
Aria	2000	0
Ariana	2000	6
Ariel	2000	12
Arna	2000	0
Arnhild	2000	0
Arya	2000	0
Asbjørg	2000	0
Asha	2000	0
Aslaug	2000	6
Asma	2000	5
Asta	2000	0
Astri	2000	10
Astrid	2000	80
Aud	2000	6
Audhild	2000	0
Audny	2000	0
Aurora	2000	118
Ausra	2000	0
Ava	2000	0
Aya	2000	10
Ayan	2000	4
Ayla	2000	12
Aylin	2000	7
Ayse	2000	9
Azra	2000	0
Barbara	2000	0
Barbro	2000	0
Beata	2000	0
Beate	2000	10
Beathe	2000	0
Beatrice	2000	12
Belinda	2000	0
Bella	2000	0
Benedicte	2000	79
Benedikte	2000	43
Bente	2000	0
Benthe	2000	0
Bergljot	2000	0
Berit	2000	12
Bertha	2000	0
Bertine	2000	7
Betina	2000	16
Bettina	2000	18
Betty	2000	4
Bianca	2000	6
Birgit	2000	6
Birgitta	2000	0
Birgitte	2000	28
Birte	2000	4
Birthe	2000	8
Bjørg	2000	11
Bodil	2000	0
Borghild	2000	6
Borgny	2000	0
Bozena	2000	0
Brit	2000	4
Brita	2000	5
Brith	2000	0
Britt	2000	6
Brynhild	2000	0
Bushra	2000	0
Camilla	2000	242
Carina	2000	38
Carine	2000	7
Carla	2000	4
Carmen	2000	16
Carolina	2000	6
Caroline	2000	149
Cassandra	2000	23
Catharina	2000	10
Catherine	2000	0
Cathrin	2000	0
Cathrine	2000	43
Catrine	2000	0
Cecilia	2000	21
Cecilie	2000	90
Celia	2000	4
Celina	2000	79
Celine	2000	186
Cesilie	2000	0
Charlotte	2000	122
Christel	2000	5
Christiane	2000	16
Christin	2000	0
Christina	2000	60
Christine	2000	88
Cicilie	2000	0
Cindy	2000	0
Clara	2000	8
Claudia	2000	6
Connie	2000	0
Cornelia	2000	21
Cristina	2000	6
Dagmar	2000	0
Dagny	2000	9
Dagrun	2000	0
Daiva	2000	0
Dalia	2000	0
Dana	2000	4
Daniela	2000	9
Daniella	2000	9
Danuta	2000	0
Daria	2000	8
Deborah	2000	6
Desiree	2000	7
Diana	2000	16
Dina	2000	72
Dominika	2000	13
Doris	2000	0
Dorota	2000	0
Dorthe	2000	24
Dorthea	2000	8
Ea	2000	4
Ebba	2000	0
Edda	2000	0
Edel	2000	11
Eden	2000	0
Edit	2000	0
Edita	2000	0
Edith	2000	0
Edle	2000	0
Edna	2000	0
Edyta	2000	0
Egle	2000	0
Eileen	2000	7
Eilen	2000	0
Eilin	2000	5
Eir	2000	6
Eira	2000	23
Eiril	2000	4
Eirill	2000	5
Eirin	2000	57
Eivor	2000	6
Ekaterina	2000	0
Elbjørg	2000	0
Eldbjørg	2000	0
Eldrid	2000	0
Elea	2000	0
Eleah	2000	0
Elen	2000	8
Elena	2000	31
Elfrid	2000	0
Eli	2000	30
Eliana	2000	0
Elida	2000	23
Elin	2000	68
Elina	2000	17
Eline	2000	161
Elinor	2000	6
Elisa	2000	29
Elisabet	2000	6
Elisabeth	2000	116
Elise	2000	208
Eliza	2000	6
Elizabeth	2000	11
Ella	2000	41
Elle	2000	4
Ellen	2000	50
Ellie	2000	0
Ellinor	2000	18
Elly	2000	0
Elma	2000	0
Elna	2000	0
Elsa	2000	7
Else	2000	7
Else-Marie	2000	0
Elsie	2000	0
Elvira	2000	5
Elzbieta	2000	0
Ema	2000	0
Embla	2000	26
Emelie	2000	8
Emely	2000	9
Emilia	2000	28
Emilie	2000	526
Emilija	2000	7
Emily	2000	55
Emina	2000	0
Emine	2000	5
Emma	2000	382
Emmeli	2000	0
Emmeline	2000	0
Emmy	2000	10
Enya	2000	9
Erica	2000	27
Erika	2000	38
Erle	2000	23
Erna	2000	0
Ester	2000	7
Esther	2000	7
Eva	2000	46
Evelina	2000	4
Evelyn	2000	10
Evy	2000	0
Ewa	2000	0
Ewelina	2000	0
Fadumo	2000	7
Fanny	2000	27
Farah	2000	0
Fatemeh	2000	4
Fatima	2000	31
Fatma	2000	8
Felicia	2000	10
Filippa	2000	7
Fiona	2000	0
Fredrikke	2000	14
Freya	2000	0
Frid	2000	0
Frida	2000	265
Fride	2000	15
Frøya	2000	12
Frøydis	2000	5
Gabriela	2000	12
Gabriele	2000	8
Gabriella	2000	6
Gabrielle	2000	12
Galina	2000	0
Gerd	2000	4
Gerda	2000	0
Gina	2000	32
Gine	2000	6
Gintare	2000	0
Gitte	2000	0
Gjertrud	2000	4
Gloria	2000	4
Grace	2000	5
Grazyna	2000	0
Greta	2000	11
Grete	2000	4
Gretha	2000	0
Grethe	2000	9
Gro	2000	4
Gry	2000	7
Gudny	2000	0
Gudrun	2000	0
Gudveig	2000	0
Gun	2000	0
Gunda	2000	0
Gunhild	2000	8
Gunn	2000	8
Gunnbjørg	2000	0
Gunnhild	2000	7
Gunnlaug	2000	0
Gunnvor	2000	0
Gunvor	2000	0
Guri	2000	10
Guro	2000	92
Gyda	2000	4
Gøril	2000	10
Hafsa	2000	5
Hala	2000	0
Haldis	2000	0
Halima	2000	0
Halldis	2000	0
Hamdi	2000	0
Hana	2000	10
Hanan	2000	4
Hanna	2000	204
Hannah	2000	149
Hanne	2000	169
Harriet	2000	0
Hatice	2000	0
Hedda	2000	220
Hedvig	2000	19
Hege	2000	22
Heidi	2000	65
Helen	2000	22
Helena	2000	84
Helene	2000	283
Helga	2000	8
Helin	2000	10
Helle	2000	58
Hennie	2000	4
Henny	2000	6
Henriette	2000	188
Henrikke	2000	12
Herborg	2000	6
Herdis	2000	5
Hermine	2000	5
Hiba	2000	5
Hild	2000	0
Hilda	2000	4
Hilde	2000	33
Hildegunn	2000	0
Hildur	2000	0
Hjørdis	2000	0
Hodan	2000	5
Hong	2000	0
Huda	2000	4
Hulda	2000	0
Iben	2000	27
Ida	2000	546
Idun	2000	17
Idunn	2000	16
Ieva	2000	0
Ilona	2000	0
Iman	2000	16
Ina	2000	57
Ine	2000	73
Ines	2000	5
Inga	2000	47
Ingebjørg	2000	21
Ingeborg	2000	117
Ingelin	2000	8
Inger	2000	33
Inger-Johanne	2000	0
Inger-Lise	2000	0
Inger-Marie	2000	0
Ingerid	2000	11
Ingfrid	2000	0
Inghild	2000	0
Ingjerd	2000	0
Ingri	2000	8
Ingrid	2000	450
Ingrida	2000	0
Ingun	2000	0
Ingunn	2000	19
Ingvil	2000	5
Ingvild	2000	106
Ingvill	2000	5
Iqra	2000	4
Iren	2000	0
Irena	2000	0
Irene	2000	11
Irina	2000	5
Iris	2000	27
Irma	2000	6
Irmelin	2000	4
Iryna	2000	0
Isa	2000	6
Isabel	2000	45
Isabell	2000	17
Isabella	2000	27
Isabelle	2000	20
Iselin	2000	91
Ivana	2000	5
Iwona	2000	0
Izabela	2000	0
Jacqueline	2000	0
Jamila	2000	0
Jana	2000	6
Jane	2000	8
Janet	2000	0
Janicke	2000	6
Janita	2000	0
Janne	2000	26
Janniche	2000	0
Jannicke	2000	8
Jannike	2000	8
Jasmin	2000	16
Jasmina	2000	0
Jasmine	2000	5
Jeanett	2000	12
Jeanette	2000	22
Jelena	2000	4
Jenni	2000	4
Jennie	2000	5
Jennifer	2000	28
Jenny	2000	177
Jessica	2000	17
Jette	2000	0
Jill	2000	0
Joan	2000	0
Joanna	2000	0
Jofrid	2000	0
Johanna	2000	45
Johanne	2000	142
Jolanta	2000	0
Jorid	2000	5
Jorun	2000	0
Jorunn	2000	17
Josefine	2000	39
Josephine	2000	10
Judit	2000	0
Judith	2000	5
Julia	2000	105
Juliana	2000	0
Juliane	2000	17
Julianne	2000	23
Julie	2000	463
June	2000	62
Juni	2000	28
Jurgita	2000	0
Justyna	2000	0
Kaia	2000	35
Kaisa	2000	21
Kaja	2000	155
Kajsa	2000	14
Kamila	2000	4
Kamilla	2000	75
Karen	2000	80
Kari	2000	41
Kari-Anne	2000	0
Karianne	2000	35
Karin	2000	19
Karina	2000	46
Karine	2000	23
Karla	2000	0
Karolina	2000	27
Karoline	2000	226
Katarina	2000	22
Katarzyna	2000	0
Kate	2000	0
Katharina	2000	21
Kathe	2000	0
Katherine	2000	0
Kathinka	2000	8
Kathrin	2000	0
Kathrine	2000	26
Katinka	2000	10
Katja	2000	6
Katrin	2000	0
Katrina	2000	7
Katrine	2000	73
Kelly	2000	4
Kerstin	2000	0
Khadija	2000	7
Kim	2000	5
Kine	2000	77
Kinga	2000	8
Kira	2000	0
Kirsten	2000	10
Kirsti	2000	6
Kitty	2000	0
Kjellaug	2000	0
Kjellfrid	2000	0
Kjellrun	2000	0
Kjersti	2000	27
Kjerstin	2000	4
Klara	2000	13
Klaudia	2000	14
Kornelia	2000	11
Kristel	2000	0
Kristi	2000	5
Kristiane	2000	22
Kristin	2000	124
Kristina	2000	112
Kristine	2000	236
Krystyna	2000	0
Laila	2000	17
Lajla	2000	0
Lana	2000	4
Lara	2000	13
Larisa	2000	0
Laura	2000	33
Lea	2000	77
Leah	2000	25
Leikny	2000	0
Leila	2000	9
Lena	2000	53
Lene	2000	97
Leni	2000	4
Leona	2000	0
Leonora	2000	9
Leyla	2000	7
Liana	2000	0
Lidia	2000	0
Lilian	2000	4
Liliana	2000	0
Lilja	2000	4
Lill	2000	7
Lilli	2000	0
Lillian	2000	14
Lilly	2000	12
Lily	2000	0
Lin	2000	0
Lina	2000	52
Linda	2000	29
Lindis	2000	0
Line	2000	70
Linea	2000	12
Linn	2000	116
Linnea	2000	57
Lisa	2000	110
Lisbet	2000	0
Lisbeth	2000	0
Lise	2000	63
Liss	2000	0
Liv	2000	41
Liva	2000	7
Live	2000	44
Livia	2000	0
Liz	2000	0
Liza	2000	0
Lone	2000	42
Lotta	2000	5
Lotte	2000	41
Louise	2000	46
Lovise	2000	20
Lucia	2000	8
Lucy	2000	0
Luna	2000	10
Lydia	2000	9
Lykke	2000	4
Ma	2000	0
Madeleine	2000	57
Madelen	2000	69
Madelene	2000	8
Magda	2000	0
Magdalena	2000	9
Magna	2000	0
Magnhild	2000	7
Magni	2000	0
Magny	2000	0
Mai	2000	13
Mai-Britt	2000	0
Maia	2000	26
Maiken	2000	80
Maj	2000	0
Maja	2000	157
Malak	2000	0
Malena	2000	5
Malene	2000	112
Malgorzata	2000	0
Mali	2000	19
Malika	2000	0
Malin	2000	414
Maren	2000	215
Margaret	2000	0
Margareth	2000	0
Margarita	2000	0
Margit	2000	11
Margot	2000	0
Margrete	2000	16
Margrethe	2000	16
Margun	2000	0
Margunn	2000	0
Mari	2000	204
Mari-Ann	2000	0
Maria	2000	445
Mariam	2000	18
Marian	2000	0
Mariana	2000	0
Mariann	2000	11
Marianne	2000	68
Marie	2000	295
Mariel	2000	13
Mariell	2000	44
Marielle	2000	24
Marija	2000	4
Marina	2000	20
Marion	2000	18
Marit	2000	61
Marita	2000	47
Marlen	2000	8
Marlene	2000	26
Marry	2000	0
Marta	2000	22
Marte	2000	239
Martha	2000	21
Marthe	2000	161
Marthine	2000	9
Martina	2000	6
Martine	2000	302
Martyna	2000	4
Marwa	2000	9
Mary	2000	13
Mary-Ann	2000	0
Maryam	2000	9
Maryan	2000	4
Marzena	2000	0
Mathea	2000	51
Mathilda	2000	0
Mathilde	2000	222
Matilda	2000	5
Matilde	2000	64
Maud	2000	9
May	2000	25
May-Britt	2000	0
May-Liss	2000	0
Maya	2000	35
Maylen	2000	5
Medina	2000	0
Melanie	2000	6
Melina	2000	4
Melinda	2000	0
Melissa	2000	28
Merete	2000	9
Merethe	2000	8
Mette	2000	25
Mia	2000	224
Michaela	2000	0
Michelle	2000	73
Mie	2000	20
Mila	2000	0
Mildrid	2000	0
Milena	2000	8
Milla	2000	12
Mille	2000	31
Mina	2000	123
Mira	2000	6
Miranda	2000	7
Miriam	2000	78
Mirjam	2000	7
Molly	2000	0
Mona	2000	36
Monica	2000	14
Monika	2000	11
Muna	2000	7
My	2000	6
Møyfrid	2000	0
Målfrid	2000	0
Nada	2000	5
Nadia	2000	23
Nadine	2000	5
Nadja	2000	8
Naima	2000	10
Najma	2000	6
Nancy	2000	5
Nanna	2000	15
Naomi	2000	9
Natalia	2000	33
Natalie	2000	47
Natasha	2000	8
Nathalie	2000	49
Nellie	2000	0
Nelly	2000	5
Ngoc	2000	0
Nicole	2000	14
Nicoline	2000	12
Nikola	2000	0
Nikoline	2000	11
Nina	2000	74
Ninni	2000	4
Noor	2000	5
Nora	2000	388
Norah	2000	0
Norma	2000	0
Norunn	2000	0
Nour	2000	9
Nova	2000	0
Oda	2000	231
Oddbjørg	2000	0
Oddlaug	2000	0
Oddny	2000	0
Oddrun	2000	0
Oddveig	2000	0
Oksana	2000	0
Olaug	2000	4
Olava	2000	0
Olea	2000	6
Olena	2000	0
Olga	2000	4
Oline	2000	28
Olivia	2000	22
Oliwia	2000	8
Othelie	2000	4
Othilie	2000	8
Otilie	2000	0
Patricia	2000	0
Patrycja	2000	8
Paula	2000	13
Paulina	2000	22
Pauline	2000	15
Peggy	2000	0
Pernille	2000	128
Petra	2000	8
Phuong	2000	0
Pia	2000	62
Rabia	2000	0
Rachel	2000	12
Ragna	2000	15
Ragne	2000	4
Ragnhild	2000	71
Ragni	2000	0
Rahel	2000	0
Rahma	2000	8
Rakel	2000	36
Ramona	2000	7
Rana	2000	0
Randi	2000	13
Rania	2000	8
Rannveig	2000	5
Ranveig	2000	0
Rasa	2000	0
Rebecca	2000	95
Rebecka	2000	15
Rebekka	2000	90
Regina	2000	0
Regine	2000	52
Reidun	2000	5
Reidunn	2000	0
Renata	2000	4
Renate	2000	52
Renathe	2000	0
Renee	2000	0
Rigmor	2000	0
Rikke	2000	92
Rina	2000	7
Rita	2000	7
Ronja	2000	78
Rosa	2000	0
Rose	2000	7
Runa	2000	20
Rut	2000	0
Ruta	2000	0
Ruth	2000	18
Rønnaug	2000	0
Saba	2000	5
Sabina	2000	6
Sabine	2000	4
Sabrina	2000	12
Sadia	2000	0
Safia	2000	0
Saga	2000	0
Sahar	2000	5
Sahra	2000	9
Saima	2000	0
Salma	2000	8
Samantha	2000	5
Samira	2000	10
Sana	2000	6
Sandra	2000	186
Sanja	2000	0
Sanna	2000	28
Sanne	2000	35
Sara	2000	364
Sarah	2000	127
Savannah	2000	0
Selam	2000	4
Selina	2000	17
Seline	2000	12
Selma	2000	74
Senait	2000	0
Serina	2000	10
Serine	2000	8
Sharon	2000	0
Sheila	2000	0
Shirin	2000	0
Sidra	2000	0
Sidsel	2000	0
Sienna	2000	0
Sigfrid	2000	0
Signe	2000	49
Signy	2000	0
Sigrid	2000	108
Sigrun	2000	6
Sigrunn	2000	0
Siham	2000	0
Silja	2000	8
Silje	2000	362
Silvia	2000	0
Simona	2000	0
Simone	2000	13
Sina	2000	24
Sine	2000	6
Siren	2000	10
Siri	2000	92
Siril	2000	17
Sissel	2000	4
Siv	2000	9
Siw	2000	0
Snefrid	2000	0
Sofia	2000	48
Sofie	2000	321
Sofija	2000	0
Sol	2000	13
Solbjørg	2000	0
Solfrid	2000	4
Solgunn	2000	0
Solrun	2000	0
Solveig	2000	100
Solvor	2000	4
Solvår	2000	0
Sonia	2000	4
Sonja	2000	15
Sophia	2000	13
Sophie	2000	26
Stella	2000	12
Stephanie	2000	8
Stina	2000	31
Stine	2000	246
Sumaya	2000	8
Sunniva	2000	205
Susan	2000	6
Susann	2000	22
Susanna	2000	0
Susanne	2000	67
Suzanne	2000	5
Svanhild	2000	0
Svetlana	2000	0
Sylvi	2000	0
Sylvia	2000	0
Sylwia	2000	0
Synne	2000	202
Synnøve	2000	34
Synøve	2000	0
Sølvi	2000	0
Tale	2000	16
Tamara	2000	7
Tanja	2000	11
Tanya	2000	4
Tara	2000	11
Tatiana	2000	0
Tatjana	2000	4
Tea	2000	14
Teresa	2000	5
Terese	2000	9
Thale	2000	33
Thanh	2000	0
Thea	2000	451
Thelma	2000	5
Theresa	2000	14
Therese	2000	66
Thi	2000	7
Thilde	2000	4
Thora	2000	0
Thu	2000	0
Thuy	2000	0
Tia	2000	4
Tilde	2000	18
Tilla	2000	6
Tina	2000	116
Tine	2000	15
Tiril	2000	115
Tirill	2000	7
Tomine	2000	18
Tone	2000	30
Tonje	2000	122
Tora	2000	51
Torbjørg	2000	0
Tordis	2000	4
Torgunn	2000	0
Torhild	2000	0
Toril	2000	0
Torild	2000	0
Torill	2000	0
Torun	2000	0
Torunn	2000	0
Tove	2000	5
Trine	2000	52
Trine-Lise	2000	0
Trude	2000	16
Turi	2000	0
Turid	2000	4
Tuva	2000	143
Tyra	2000	20
Ulla	2000	0
Ulrikke	2000	21
Una	2000	14
Une	2000	4
Unn	2000	0
Unni	2000	4
Urszula	2000	0
Vaida	2000	0
Valborg	2000	0
Valentina	2000	4
Valeria	2000	5
Vanessa	2000	18
Vanja	2000	17
Venche	2000	0
Venke	2000	0
Vera	2000	15
Veronica	2000	45
Veronika	2000	13
Veslemøy	2000	12
Vibecke	2000	0
Vibeke	2000	11
Victoria	2000	313
Vida	2000	0
Vigdis	2000	0
Viktoria	2000	65
Viktorija	2000	4
Vilde	2000	314
Vilja	2000	9
Vilje	2000	0
Vilma	2000	9
Viola	2000	0
Violeta	2000	0
Vivi	2000	4
Vivian	2000	8
Vår	2000	6
Vårin	2000	16
Wanja	2000	4
Wenche	2000	7
Wendy	2000	0
Wenke	2000	0
Weronika	2000	23
Wigdis	2000	0
Wiktoria	2000	30
Wilma	2000	7
Yasmin	2000	14
Ylva	2000	45
Yngvild	2000	0
Yvonne	2000	19
Zahra	2000	12
Zainab	2000	12
Zara	2000	7
Zeinab	2000	6
Zoe	2000	0
Zofia	2000	0
Zuzanna	2000	7
Ågot	2000	0
Åsa	2000	11
Åse	2000	13
Åshild	2000	20
Åslaug	2000	0
Åsne	2000	17
Åsta	2000	0
